,Unnamed: 0,Company Name,Company Description,True Investor,Similarity Metric,Y Combinator,Bessemer Venture Partners,Andreessen Horowitz,General Catalyst,Sequoia Capital,GV,Goldman Sachs,Venrock,Greylock,GGV Capital,Khosla Ventures,Menlo Ventures,Battery Ventures,Techstars,Lightspeed Venture Partners,Redpoint,Canaan Partners,500 Startups,Plug and Play,SSOV,MassChallenge,Threshold,New Enterprise Associates,Index Ventures,Kleiner Perkins,Intel Capital,First Round Capital,Founders Fund,Norwest Venture Partners,Accel
0,,01 Paynents And Business - Z1,"Our funding stage is Seed. Teen Banking is a digital banking app made for teenagers and young adults where teenagers can learn financial independence. Located in São Paulo, Sao Paulo, Brazil, South America. Involved in the following industries: Banking, Financial Services, Mobile Apps. Funding amount (USD) so far is unknown.",Y Combinator,BERT,0.057808905839920044,0.056264281272888184,0.05978612105051676,0.06299434105555217,0.06060052580303616,0.06340957880020141,0.057146232861738935,0.057864971458911896,0.056121077802446157,0.05692148208618164,0.06544128060340881,0.0406874418258667,0.05439858436584473,0.062105377515157066,0.05412529408931732,0.06831860542297363,0.06026804447174072,0.055937008424238724,0.06193943156136407,0.06783512234687805,0.057356846332550046,0.056415450572967527,0.06289132074876265,0.05171038955450058,0.06714112311601639,0.06164205925805228,0.05442836454936436,0.06672638654708862,0.059558351834615074,0.0548775315284729
1,,Codingal,"Our funding stage is Seed. Coding education platform for K-12 students Located in Bangalore, Karnataka, India, Asia. Involved in the following industries: EdTech. Funding amount (USD) so far is unknown.",Y Combinator,BERT,0.09480007886886596,0.10781860947608948,0.10859599709510803,0.11064855257670085,0.10227777560551961,0.09735636711120606,0.10951006412506104,0.10832098871469498,0.10149748457802667,0.1024370789527893,0.10963947574297588,0.10389211773872375,0.10342397689819335,0.09756582975387573,0.10075035691261292,0.11158921321233113,0.11466612134660993,0.08815399625084618,0.09442769156561957,0.0814538449048996,0.0910811722278595,0.11690372228622437,0.10907776247371327,0.10784982144832611,0.1112319752573967,0.10273659229278564,0.10557637895856585,0.10561240911483764,0.11558227737744649,0.09923620223999023
2,,HUBUC,"Our funding stage is Seed. A single API-platform which allows any business to embed financial services capabilities into their products. Located in Barcelona, Catalonia, Spain, Europe. Involved in the following industries: B2B, Banking, Credit Cards, Debit Cards, Financial Services, FinTech, Gift Card, Payments. Funding amount (USD) so far is 125000.0.",Y Combinator,BERT,0.05547626614570618,0.046842271089553834,0.0531201163927714,0.05052200290891859,0.05381934510336982,0.06720837354660034,0.04777849637545072,0.049784913659095764,0.05295366711086697,0.05501637288502285,0.049639612436294556,0.04909127950668335,0.04619690179824829,0.04932374424404568,0.05096229910850525,0.04396835962931315,0.049578581537519185,0.0664758790623058,0.06747284200456408,0.07727769017219543,0.0623818039894104,0.04829330444335937,0.048177832906896416,0.05453666299581528,0.0537269189953804,0.05185598134994507,0.05235081911087036,0.051653265953063965,0.0488371749718984,0.043726325035095215
3,,Jeeves,"Our funding stage is Seed. Jeeves offers financial infrastructure built to power global startups. Located in New York, New York, United States, North America. Involved in the following industries: Business Development, Financial Services, FinTech. Funding amount (USD) so far is 5000000.0.",Y Combinator,BERT,0.05725426077842712,0.05583006739616394,0.05421602725982666,0.05732167429394192,0.05271524853176541,0.06590906381607056,0.05075672039618859,0.05511060357093811,0.05660983588960436,0.061536150319235663,0.059136658906936646,0.05322760343551636,0.04838283061981201,0.05761810806062487,0.05051758885383606,0.05889038244883219,0.057651792253766744,0.05575969002463601,0.06124616331524319,0.06297220289707184,0.06116074323654175,0.06286900043487549,0.06471083380959251,0.06089978665113449,0.059305377304553986,0.053884267807006836,0.05327258791242327,0.05294325351715088,0.05569741129875183,0.05285999774932861
4,,WareIQ,"Our funding stage is Seed. WareIQ offers Amazon-like next-day delivery for eCommerce companies in India Located in Bengaluru, Karnataka, India, Asia. Involved in the following industries: B2B, E-Commerce, E-Commerce Platforms, Logistics, Supply Chain Management, Warehousing. Funding amount (USD) so far is 1650000.0.",Y Combinator,BERT,0.059672069549560544,0.051997709274291995,0.05734474460283915,0.056205822361840144,0.056075327926211886,0.07217942476272583,0.0539590441263639,0.05410473048686981,0.05805021524429321,0.058157001222882955,0.052038212617238365,0.05136701464653015,0.05409387350082397,0.05572211742401123,0.05169765651226044,0.04479658603668213,0.05511357954570225,0.07040380889719183,0.0731242232852512,0.08014225214719772,0.06750680804252625,0.05116280317306519,0.052042262120680374,0.06149488687515259,0.05932135134935379,0.057225900036948066,0.058337892804827006,0.0569783091545105,0.054809788862864174,0.045685839653015134
5,,MessageBird,"Our funding stage is Series C. MessageBird is a cloud communications platform that connects enterprises to their global customers. Located in Amsterdam, Noord-Holland, The Netherlands, Europe. Involved in the following industries: Cloud Computing, Enterprise Software, Messaging, Telecommunications. Funding amount (USD) so far is 200000000.0.",Y Combinator,BERT,0.049082225561141966,0.03775525093078613,0.04074227809906006,0.03926113579008314,0.048523512151506215,0.056597983837127684,0.03130017794095553,0.03518892079591751,0.041626565986209445,0.04640391043254307,0.044469366470972695,0.03343111276626587,0.03366367816925049,0.05057354768117269,0.036214202642440796,0.035183469454447426,0.03551842485155378,0.060714125633239746,0.061112317774030894,0.07385510951280594,0.06274963021278382,0.03256502151489258,0.04360595074566928,0.038715921342372894,0.04690428823232651,0.03846749237605503,0.04270718778882708,0.05095627307891846,0.03395561377207438,0.03635116815567017
6,,Lendtable,"Our funding stage is Seed. Lendtable provides income-constrained individuals with wealth-building cash advances. Located in San Francisco, California, United States, North America. Involved in the following industries: Credit Cards, Finance, Financial Services, FinTech, Personal Finance, Wealth Management. Funding amount (USD) so far is 3000000.0.",Y Combinator,BERT,0.05663052201271057,0.05369696021080017,0.047985970973968506,0.058191789521111384,0.057073626253339976,0.06385231018066406,0.04876181712517372,0.04907704144716263,0.05641178290049235,0.06480346407209124,0.053383459647496544,0.050067126750946045,0.04766937494277954,0.054721302456325956,0.04724039137363434,0.05568857987721761,0.05364462307521275,0.06041619452563199,0.05597812599605984,0.07127482444047928,0.05709248185157776,0.049646413326263426,0.05474531650543213,0.05260167270898819,0.051303036510944366,0.05876518998827253,0.04772864069257464,0.04468897581100464,0.050229042768478394,0.05230956077575684
7,,Intelline,"Our funding stage is Seed. Intelline offers the dependable and safe power production you expect from diesel engines, in a revolutionary new package. Located in Kitchener, Ontario, Canada, North America. Involved in the following industries: Energy Efficiency, Fossil Fuels, Industrial, Industrial Engineering, Mechanical Engineering, Power Grid. Funding amount (USD) so far is 125000.0.",Y Combinator,BERT,0.06529495120048523,0.05881394743919373,0.05938020348548889,0.06056255102157593,0.06504356861114502,0.0733186960220337,0.056203447855435885,0.057440683245658875,0.06356388992733425,0.06461336783000401,0.04971951246261597,0.0697178840637207,0.05755757093429566,0.060811486509111196,0.05829237401485443,0.04782388607660929,0.05968964099884033,0.07733846794475209,0.07603856590059069,0.0816921517252922,0.06963366866111756,0.05280371904373169,0.05578561262650923,0.07100405544042587,0.04655814915895462,0.058648100921085904,0.06389527661459786,0.060348474979400636,0.06363758444786072,0.057866811752319336
8,,Liyfe,"Our funding stage is Seed. Liyfe is a telemedicine platform that specializes in cancer diagnosis, breast cancer treatment and cancer-related resource solutions. Located in New York, New York, United States, North America. Involved in the following industries: Clinical Trials, Health Care, Health Diagnostics. Funding amount (USD) so far is 125000.0.",Y Combinator,BERT,0.054233914613723753,0.0481831431388855,0.04232455293337504,0.05184254381391737,0.0593674381573995,0.055340814590454104,0.04628669757109422,0.041071921586990356,0.05313477251264784,0.05646829945700509,0.04348447918891907,0.046363651752471924,0.049648404121398926,0.06059030691782633,0.04948972165584564,0.04814237356185913,0.044301552431924004,0.07051586562936957,0.062354948785569936,0.08196806162595749,0.060036206245422365,0.040631997585296634,0.04544921896674416,0.05365482717752457,0.050349779427051544,0.055258291108267646,0.04614796808787754,0.049469494819641115,0.04614959160486857,0.05039337873458862
9,,Hubble,"Our funding stage is Seed. Hubble provides automated monitoring of data metrics for data warehousing and alerts in case of data quality issues. Located in San Francisco, California, United States, North America. Involved in the following industries: Analytics, Data Center Automation, IT Infrastructure. Funding amount (USD) so far is 125000.0.",Y Combinator,BERT,0.04815207719802857,0.04315217733383179,0.03846264878908793,0.04477096928490533,0.05292885171042548,0.06205192804336548,0.03768792977699867,0.03789356350898743,0.047541181246439614,0.05605204616274152,0.04046369592348734,0.04966169595718384,0.04216322898864746,0.04689294099807739,0.0378294438123703,0.03695485989252726,0.04311690160206386,0.06564076922156593,0.06007756127251519,0.07320618629455566,0.057325166463851926,0.03310403823852539,0.04060656916011463,0.0488237589597702,0.039561979472637177,0.04541477135249546,0.049290972096579413,0.03897901773452759,0.03954191009203593,0.039609110355377196
10,,Plunzo,"Our funding stage is Seed. Plunzo is the best platform for SMEs which automate and connects all your bank accounts, brokers and virtual wallet in one place. Located in Buenos Aires, Distrito Federal, Argentina, South America. Involved in the following industries: Computer, Software. Funding amount (USD) so far is 150000.0.",Y Combinator,BERT,0.06099343299865723,0.05773518681526184,0.05906871954600016,0.06277336014641656,0.05784514877531263,0.07499189376831054,0.057738386667691745,0.059108808636665344,0.05976415342754788,0.06296150173459734,0.05712252855300903,0.057088375091552734,0.05575401782989502,0.055712448226081,0.054578036069869995,0.0557784636815389,0.06211586509432111,0.06717952273108742,0.06786384185155232,0.07256268709897995,0.06392417550086975,0.05803241729736328,0.05667739022861828,0.061401911079883575,0.059901557862758636,0.057900573526109965,0.06251235519136701,0.053131723403930665,0.062436858812967934,0.05119136571884155
11,,Belvo,"Our funding stage is Seed. Belvo is the Open Banking API platform in Latin America and the easiest way for users to connect their account to an app. Located in Mexico City, Distrito Federal, Mexico, North America. Involved in the following industries: Banking, Developer APIs, Finance, Financial Services, FinTech. Funding amount (USD) so far is unknown.",Y Combinator,BERT,0.06234737038612366,0.05800714492797852,0.06574500600496928,0.06243362691667345,0.06813035408655803,0.07676539421081544,0.06258012239749615,0.060110628604888916,0.06204097800784641,0.0658225417137146,0.05927493174870809,0.051202595233917236,0.05839627981185913,0.0593962205780877,0.0564148873090744,0.06022363901138306,0.06068978139332363,0.07089167833328247,0.07087283002005683,0.08124608546495438,0.06063043475151062,0.05742346048355103,0.05674999952316284,0.059017784893512726,0.06355485320091248,0.06024880920137678,0.06494720493044172,0.06263908147811889,0.05789298812548319,0.054569411277771
12,,LabGrid,"Our funding stage is Seed. Track projects with LabGrid to stay organized, reduce turnaround time and quickly collaborate with global vendors and stakeholders. Located in unknown. Involved in the following industries: unknown. Funding amount (USD) so far is unknown.",Y Combinator,BERT,0.07918854355812073,0.09020934700965881,0.09648832678794861,0.09320586257510716,0.09376776218414307,0.08014867305755616,0.09318732756834763,0.09260617196559906,0.08516191773944431,0.09422003371374947,0.09712827205657959,0.08296290040016174,0.08063935041427613,0.08119340075386895,0.0836683064699173,0.10086514552434285,0.09397918837411064,0.07385329766706987,0.08146095938152736,0.0700087621808052,0.07170389294624328,0.10133808851242065,0.0964369232004339,0.08905832469463348,0.0926477462053299,0.08404185942241124,0.09127518960407802,0.09203109741210938,0.09538848201433818,0.08776354789733887
13,,Faction (YC W21),"Our funding stage is Pre-Seed. Currently in stealth mode.  Faction will be participating in Y Combinator’s upcoming Demo Day on Tuesday, March 23, 2021 and we look forward to sharing more soon. Located in South San Francisco, California, United States, North America. Involved in the following industries: unknown. Funding amount (USD) so far is unknown.",Y Combinator,BERT,0.0968526542186737,0.10303770303726197,0.1105268398920695,0.09839838743209839,0.11598599619335598,0.11140943765640259,0.10726023178834182,0.10214131325483322,0.09457408719592625,0.10537104095731463,0.09486670295397441,0.0877416729927063,0.10139808654785157,0.09924022356669109,0.08946496248245239,0.10634716351826985,0.09600543124335152,0.11023995551196011,0.10694572660658094,0.11358186602592468,0.10008823871612549,0.10064197778701782,0.09772524508562955,0.10077723115682602,0.09886571019887924,0.09883759702954974,0.112100430897304,0.11045832633972168,0.10610503951708476,0.09596731662750244
14,,MiPOSDev,"Our funding stage is Seed. MiPOSDev manages its clients' inventory, billing, and processes. Located in Quito, Pichincha, Ecuador, South America. Involved in the following industries: Apps, Restaurants, Software. Funding amount (USD) so far is unknown.",Y Combinator,BERT,0.05770330429077149,0.054429042339324954,0.0617439349492391,0.06069921784930759,0.059735741880204946,0.06445659399032592,0.05591828089493971,0.056686289608478546,0.05667605002721151,0.0658935649054391,0.06635972857475281,0.04476097226142883,0.04804973602294922,0.05669538180033366,0.055530354380607605,0.06508674224217732,0.056604317256382534,0.05282158201391047,0.0589653386010064,0.059454090893268585,0.0509702742099762,0.06176207065582275,0.06376701593399048,0.058465853333473206,0.06046970188617706,0.054455186639513285,0.05794269698006766,0.058742523193359375,0.057384719451268516,0.05577622652053833
15,,Obie,"Our funding stage is Pre-Seed. Insurance and Risk Management for Real Estate Investors Located in Chicago, Illinois, United States, North America. Involved in the following industries: Commercial Insurance, Commercial Real Estate, Real Estate, Real Estate Investment. Funding amount (USD) so far is 150000.0.",Y Combinator,BERT,0.07050917744636535,0.0712437629699707,0.06709795196851094,0.07193112373352051,0.06436029407713148,0.07441633939743042,0.06271572754933284,0.06608648598194122,0.06886563698450725,0.07613469021660942,0.07184994220733643,0.070946604013443,0.06019736528396606,0.07069229417377049,0.06458409130573273,0.07295648256937663,0.07011419534683228,0.0641767057505521,0.06872264544169109,0.06908206641674042,0.06672096252441406,0.0796172022819519,0.08164252476258711,0.06918493658304214,0.06942015886306763,0.06632170506886073,0.06415528910500663,0.062455403804779056,0.06698821981747945,0.06804502010345459
16,,Firebolt,"Our funding stage is Series A. Firebolt has developed a cloud data warehousing platform that allows users to streamline their analytics and access to insights. Located in Tel Aviv, Tel Aviv, Israel, Asia. Involved in the following industries: Analytics, Big Data, Data Storage, SaaS, Software. Funding amount (USD) so far is 37000000.0.",Bessemer Venture Partners,BERT,0.049369806051254274,0.04048546552658081,0.044366935888926186,0.041730019781324595,0.05206656455993652,0.061689901351928714,0.0398483551465548,0.04041434824466705,0.04592778285344442,0.05107240165982928,0.04119873046875,0.044898927211761475,0.040942060947418216,0.04603451490402222,0.03975854814052582,0.0346982479095459,0.04172062873840332,0.06607717817479913,0.06576001644134521,0.07599711418151855,0.06030385494232178,0.03852779865264892,0.040002741596915505,0.05045443773269653,0.04615955054759979,0.043819699968610494,0.05227303504943848,0.04779289960861206,0.0401210089524587,0.03606595993041992
17,,Kronos,"Our funding stage is Venture - Series Unknown. Kronos specializes in workflow management solutions that enable enterprises to control labor costs and improve productivity. Located in Chelmsford, Massachusetts, United States, North America. Involved in the following industries: Computer, Consulting, Enterprise Software, Human Resources, Software. Funding amount (USD) so far is unknown.",Bessemer Venture Partners,BERT,0.0561580240726471,0.04516838192939758,0.04764014482498169,0.047190845012664795,0.05707022216584948,0.06411771774291992,0.04301739656008207,0.04295261204242706,0.0528196824921502,0.061805588858468194,0.050752113262812294,0.045564621686935425,0.04514873027801514,0.05968434280819363,0.03636346757411957,0.04891242583592733,0.04343340226582119,0.06271647865122015,0.058509263727400035,0.07497607916593552,0.049081599712371825,0.040101265907287596,0.04894333535974676,0.04941859841346741,0.04556944966316223,0.047711968421936035,0.0567678553717477,0.05432283878326416,0.035976300636927284,0.049559497833251955
18,,PharmEasy,"Our funding stage is Series A. PharmEasy is a health tech startup offering services such as teleconsultation, medicine deliveries, and diagnostic test sample collection. Located in Mumbai, Maharashtra, India, Asia. Involved in the following industries: Health Care, Health Diagnostics, Pharmaceutical, Wellness. Funding amount (USD) so far is 5000000.0.",Bessemer Venture Partners,BERT,0.05435092449188232,0.04761865735054016,0.04682945211728414,0.05165291494793362,0.048363639248742,0.06275444030761719,0.0468219335262592,0.04608476161956787,0.05335725016064114,0.052489280700683594,0.0467913548151652,0.05192619562149048,0.048393416404724124,0.05644900268978543,0.044653668999671936,0.04070375363032023,0.04850059747695923,0.06524145603179932,0.06526236401663886,0.07402176409959793,0.06022297739982605,0.04643019437789917,0.04649800604039973,0.05866650491952896,0.05091104656457901,0.05254161357879639,0.05375091518674578,0.05173957347869873,0.05124261975288391,0.042998099327087404
19,,Cornerstone OnDemand,"Our funding stage is Series D. Cornerstone OnDemand provides cloud-based talent management software solutions. Located in Santa Monica, California, United States, North America. Involved in the following industries: E-Learning, Enterprise Software, SaaS, Social Network, Software. Funding amount (USD) so far is 32000000.0.",Bessemer Venture Partners,BERT,0.0421410322189331,0.03595172762870789,0.035785168409347534,0.038235101434919566,0.042967511547936335,0.05222781896591187,0.032110205063453086,0.03188814967870712,0.03795583380593194,0.04655716248920986,0.0385091503461202,0.03533965349197388,0.0341533899307251,0.04660860035154554,0.028815090656280518,0.0353045662244161,0.036278443677084785,0.05175772580233487,0.04872132009930081,0.06391200423240662,0.050552481412887575,0.03319485187530517,0.040781936862251976,0.03898198902606964,0.04302981495857239,0.03887854303632464,0.03976161139351981,0.03900808095932007,0.02967103322347005,0.03333448171615601
20,,Blue Apron,"Our funding stage is Series B. Blue Apron is a grocery delivery service company that delivers a recipe and the required ingredients right to their customer's doorstep. Located in New York, New York, United States, North America. Involved in the following industries: Delivery, E-Commerce, Food and Beverage. Funding amount (USD) so far is 5000000.0.",Bessemer Venture Partners,BERT,0.05688634514808655,0.05071765184402466,0.04823305209477743,0.054805258909861244,0.05313769314024183,0.058738422393798825,0.0492630830177894,0.04598773270845413,0.05303078227572971,0.05543738603591919,0.047791133324305214,0.04012840986251831,0.0447463870048523,0.060798048973083496,0.049551814794540405,0.05256561438242594,0.046748842511858256,0.062405423684553665,0.05907832913928562,0.07404180616140366,0.05740092992782593,0.04543843269348145,0.04848733815279874,0.04842878133058548,0.048811256885528564,0.0539805463382176,0.04531001193182809,0.04538584947586059,0.050094922383626304,0.050978219509124754
21,,Sisense,"Our funding stage is Series E. Sisense is the leading AI-driven platform for infusing analytics everywhere. Located in New York, New York, United States, North America. Involved in the following industries: Analytics, Artificial Intelligence, Big Data, Business Intelligence, Data Visualization, Enterprise Software, Information Technology, Software. Funding amount (USD) so far is 80000000.0.",Bessemer Venture Partners,BERT,0.05366208553314209,0.04366278052330017,0.04633611440658569,0.04310358232922024,0.05656343036227756,0.06488341093063354,0.04487427381368784,0.04472199082374573,0.05059125026067098,0.0549614599772862,0.04417842626571655,0.05161923170089722,0.045151364803314206,0.05004980829026964,0.04966631531715393,0.041980246702829994,0.04499550376619611,0.07419929721138695,0.07154005103641087,0.08545190095901489,0.06755555868148803,0.042470681667327884,0.04287642240524292,0.05499541014432907,0.05178717523813248,0.05004127536501203,0.05312304837363107,0.055029094219207764,0.04320335388183594,0.04263583421707153
22,,Ishoni Networks,"Our funding stage is Series A. Ishoni Networks develops broadband engines for residential and business customers. Located in Santa Clara, California, United States, North America. Involved in the following industries: Electronics, Information Technology, Wireless. Funding amount (USD) so far is 8500000.0.",Bessemer Venture Partners,BERT,0.05458320379257202,0.04757301807403565,0.04987679918607076,0.048969765504201256,0.052307566006978355,0.06035702228546143,0.041087920849139876,0.04429330676794052,0.05159466796451145,0.05772667271750314,0.05478124817212423,0.051069051027297974,0.038982057571411134,0.05483469698164198,0.0484360009431839,0.041708568731943764,0.046310058661869595,0.05924831195311113,0.0641291273964776,0.0645199790596962,0.058100318908691405,0.049132025241851805,0.05619633739644831,0.057463571429252625,0.046639345586299896,0.041882191385541646,0.05389007500239781,0.05283641815185547,0.04984696706136068,0.048878276348114015
23,,DensBits Technologies,"Our funding stage is Series B. DensBits has designed the world’s first Memory Modem (TM), a revolutionary technology created to address the ever-increasing need for Located in Haifa, Hefa, Israel, Asia. Involved in the following industries: DSP, Information Technology, Manufacturing, Semiconductor. Funding amount (USD) so far is unknown.",Bessemer Venture Partners,BERT,0.05668163299560547,0.050056946277618405,0.0509057343006134,0.050582693682776556,0.058297283119625516,0.06513769626617431,0.044282023723308854,0.045544907450675964,0.05594242943657769,0.05855212041309902,0.05251226822535197,0.05778908729553223,0.0488702654838562,0.059393134382036,0.03993745148181915,0.04269987344741821,0.0507811222757612,0.06696326082403009,0.06783806615405613,0.07340303808450699,0.05712361335754394,0.040688371658325194,0.049858608029105446,0.05710109323263168,0.046827733516693115,0.04854387044906616,0.06245213747024536,0.056172382831573484,0.046779523293177284,0.047826874256134036
24,,Bastille Networks Internet Security,"Our funding stage is Series A. Bastille Networks Internet Security provides threat detection and security for the internet of things. Located in San Francisco, California, United States, North America. Involved in the following industries: Cyber Security, Internet of Things, Security. Funding amount (USD) so far is 9000000.0.",Bessemer Venture Partners,BERT,0.04974505305290222,0.048585128784179685,0.0379510223865509,0.03938410017225477,0.052785237630208336,0.05539373159408569,0.035859529788677506,0.034434206783771515,0.04591137833065457,0.05487181459154401,0.04388973116874695,0.050624579191207886,0.039521002769470216,0.05176932281917996,0.0365016907453537,0.039263129234313965,0.040577547890799384,0.06050089272585782,0.05611753463745117,0.06960917264223099,0.0556024968624115,0.040159308910369874,0.049062793905084785,0.046694301068782806,0.04253878444433212,0.0442660961832319,0.043757149151393344,0.04405090808868408,0.03699428836504618,0.04246286153793335
25,,Avnera,"Our funding stage is Series B. Avnera is a fabless semiconductor company developing integrated analogy system-on-chip technology for consumer audio and voice applications. Located in Beaverton, Oregon, United States, North America. Involved in the following industries: Audio, Electronics, Manufacturing, Messaging, Wireless. Funding amount (USD) so far is 12000000.0.",Bessemer Venture Partners,BERT,0.05496158599853516,0.04303221702575684,0.0460974375406901,0.04599689112769233,0.05729995833502875,0.06251955032348633,0.037215705101306625,0.03694210201501846,0.04981735679838392,0.05474993160792759,0.046386907498041786,0.046469658613204956,0.03982464075088501,0.060663335853152804,0.04215560853481293,0.0351147452990214,0.04108996902193342,0.07256443392146718,0.06967410114076403,0.08430268615484238,0.06221476197242737,0.026546764373779296,0.04271824251521717,0.04971800744533539,0.039993323385715485,0.04552936553955078,0.054682365485600064,0.050791728496551516,0.041478514671325684,0.04758187532424927
26,,mindSHIFT Technologies,"Our funding stage is Venture - Series Unknown. mindSHIFT Technologies provides CMS implementation and hosting services to organizations in the private and public sector. Located in Waltham, Massachusetts, United States, North America. Involved in the following industries: Enterprise Software, Information Technology, Infrastructure. Funding amount (USD) so far is 40000000.0.",Bessemer Venture Partners,BERT,0.0454526424407959,0.036404538154602054,0.03565696875254313,0.03488676415549384,0.04822991291681925,0.05501656532287598,0.029328864354353685,0.029659360647201538,0.03992083337571886,0.04897474391119821,0.0392679770787557,0.03432479500770569,0.03231856822967529,0.05094099044799805,0.027962565422058105,0.032304604848225914,0.031187491757529124,0.05961742184378884,0.055361310640970864,0.0724317729473114,0.05453903079032898,0.026260244846343993,0.04067925973372026,0.039713047444820404,0.03858392685651779,0.03812915086746216,0.044187332902635844,0.04411606788635254,0.027253458897272747,0.03578805923461914
27,,Watercove Networks,"Our funding stage is Series A. WaterCove Networks develops next-generation networking equipment for wireless service providers looking to rapidly deploy mobile data. Located in Chelmsford, Massachusetts, United States, North America. Involved in the following industries: Mobile, Telecommunications, Wireless. Funding amount (USD) so far is 10000000.0.",Bessemer Venture Partners,BERT,0.05077444911003113,0.04050574898719787,0.03827206293741862,0.0380480686823527,0.05091840691036648,0.05768728256225586,0.030003341344686654,0.03155902028083801,0.045566678047180176,0.05179951872144427,0.04074222842852274,0.044909119606018066,0.03617722988128662,0.05238093932469686,0.0345926433801651,0.028136332829793293,0.035561365740639825,0.06477108868685635,0.06036172972785102,0.07651764899492264,0.05893988013267517,0.02791330814361572,0.042899538170207634,0.04658152163028717,0.03865724802017212,0.04052009752818516,0.04474849360329764,0.04639973640441895,0.03498411178588867,0.04049391746520996
28,,GoTV Networks,"Our funding stage is Series A. GoTV Networks was a mobile media network and app developer. It was acquired by Phunware in July 2011. Located in Sherman Oaks, California, United States, North America. Involved in the following industries: Cloud Infrastructure, Enterprise Software, Information Technology, Mobile. Funding amount (USD) so far is 15000000.0.",Bessemer Venture Partners,BERT,0.051865750551223756,0.04104906916618347,0.04267051815986633,0.045029772652520075,0.05150438679589166,0.05628648996353149,0.03685183249987089,0.035312995314598083,0.047172109285990395,0.05058377981185913,0.04748326539993286,0.033048152923583984,0.0356296181678772,0.062388565805223256,0.03863994777202606,0.0384250283241272,0.03782616342817034,0.06478014859286221,0.06370080841912164,0.08267268538475037,0.06348854303359985,0.02596924304962158,0.04576557332819158,0.03837507963180542,0.04855283349752426,0.047970329012189596,0.04584143842969622,0.04765650033950806,0.03372243046760559,0.04382951259613037
29,,Verato,"Our funding stage is Series B. Verato is a cloud-based patient matching technology.  It uses referential matching to link patient records across systems and enterprises. Located in Mclean, Virginia, United States, North America. Involved in the following industries: Big Data, Cloud Data Services, Data Integration, Health Care, Information Technology, SaaS, Software. Funding amount (USD) so far is 12500000.0.",Bessemer Venture Partners,BERT,0.06801084280014039,0.05347163081169128,0.05499159296353658,0.0565020309554206,0.06520052088631524,0.07297991514205933,0.05598727556375357,0.05459394305944443,0.06359051995807224,0.0653454065322876,0.054674128691355385,0.05870750546455383,0.05764594078063965,0.0640709466404385,0.062060609459877014,0.05307108163833618,0.051253276211874824,0.08265554904937744,0.08103020323647393,0.09739351272583008,0.0750198483467102,0.051562583446502684,0.054530458016829056,0.0625465139746666,0.0632859617471695,0.0641356110572815,0.0564177291733878,0.06687395572662354,0.05148725708325704,0.05962651968002319
30,,Stayglad,"Our funding stage is Series A. Access Beauty Services Anywhere Anytime Located in Bangalore, Karnataka, India, Asia. Involved in the following industries: Beauty, Cosmetics, Health Care. Funding amount (USD) so far is unknown.",Bessemer Venture Partners,BERT,0.10725795626640319,0.1172404944896698,0.11669273177782695,0.11723744206958348,0.10700109932157728,0.10511027574539185,0.11627696110652043,0.11537127941846848,0.1113027466668023,0.10921869107655116,0.11723039547602336,0.11347109079360962,0.11016641855239868,0.10415623585383098,0.11057446897029877,0.12031751871109009,0.12178475516183036,0.09397565234791148,0.0981541011068556,0.09025359153747559,0.09361649751663208,0.12793890237808228,0.11559527028690685,0.1142285093665123,0.11678788810968399,0.108102628162929,0.10934598956789289,0.10777533054351807,0.12077566981315613,0.10580739974975586
31,,Productboard,"Our funding stage is Series B. Productboard is a product management system that helps organizations get the right products to market faster. Located in San Francisco, California, United States, North America. Involved in the following industries: Analytics, Consumer Research, Product Management, Product Research. Funding amount (USD) so far is 45000000.0.",Bessemer Venture Partners,BERT,0.0462972104549408,0.03806943297386169,0.03261574109395345,0.03872003820207384,0.04535312785042657,0.05077083110809326,0.0321384622500493,0.030726604163646698,0.040281063980526395,0.048440124307359965,0.03861173987388611,0.03595292568206787,0.03266781568527222,0.05173079835044013,0.03470630943775177,0.03860020637512207,0.035424581595829556,0.05745285749435425,0.05064547724193997,0.06977491825819016,0.05450543165206909,0.0316603422164917,0.04316950928081165,0.03760033845901489,0.041092649102211,0.0401037335395813,0.03857806750706264,0.037867295742034915,0.029140442609786987,0.03721599578857422
32,,Discoverly,"Our funding stage is Seed. Discoverly is a tool enabling users to navigate and employ their social data. Located in San Francisco, California, United States, North America. Involved in the following industries: Enterprise Software, Social Media. Funding amount (USD) so far is 750000.0.",Bessemer Venture Partners,BERT,0.045479613542556765,0.04309849143028259,0.0457113782564799,0.046290708912743464,0.055498600006103516,0.04778988361358642,0.04535526495713454,0.04024308919906616,0.039929582013024226,0.05144449642726353,0.05023492376009623,0.02958899736404419,0.03565572500228882,0.05060825745264689,0.04793137311935425,0.05125210682551066,0.04397420372281756,0.053819239139556885,0.05795215235816108,0.06442304700613022,0.057057565450668334,0.04436370134353638,0.05379807407205755,0.04302939772605896,0.054616667330265045,0.04742478472845895,0.04385560750961304,0.05066137313842774,0.04394466678301493,0.04296258687973022
33,,Skype,"Our funding stage is Series A. Skype provides a telecommunications platform that offers free video chat and voice calls to internet-connected devices. Located in Luxembourg, Luxembourg, Luxembourg, Europe. Involved in the following industries: Mobile, Telecommunications, Video Chat. Funding amount (USD) so far is unknown.",Bessemer Venture Partners,BERT,0.05686981678009033,0.052204078435897826,0.059455553690592446,0.057389537493387856,0.059298157691955566,0.06139752864837646,0.052597605265103854,0.05058328062295914,0.05551719003253513,0.06087676967893328,0.061183164517084755,0.043480485677719116,0.04736483097076416,0.05523277653588189,0.05380360782146454,0.05624232689539591,0.05504682234355381,0.054553026502782646,0.06405335664749146,0.06358075141906738,0.05244097113609314,0.056582081317901614,0.060437917709350586,0.054020240902900696,0.058833517134189606,0.051261144024985175,0.0532082063811166,0.059274375438690186,0.05503970384597778,0.05250515937805176
34,,eMed Technologies,"Our funding stage is Venture - Series Unknown. eMed Technologies offers internet, software, networking, and communications infrastructure products. Located in Chicago, Illinois, United States, North America. Involved in the following industries: Biotechnology, Communications Infrastructure, Internet, Manufacturing, Software. Funding amount (USD) so far is 22000000.0.",Bessemer Venture Partners,BERT,0.04891480207443237,0.045179861783981326,0.03643674651781718,0.042635712358686656,0.04933589696884155,0.05840368270874023,0.03201910165640024,0.03398669511079788,0.04843589332368639,0.057346693107060025,0.043142845233281456,0.05043122172355652,0.037824273109436035,0.05143322547276815,0.03249764442443848,0.036774635314941406,0.04100269079208374,0.0594749396497553,0.054958966043260365,0.06863421946763992,0.05103214979171753,0.030751383304595946,0.04548337242820046,0.050106875598430634,0.03511515259742737,0.04465713671275547,0.04829707315989903,0.043601369857788085,0.03560227155685425,0.04413290023803711
35,,Raise,"Our funding stage is Series B. Raise is a marketplace (exchange) for gift cards that is the largest direct-to-consumer seller of digital gift cards in the world. Located in Chicago, Illinois, United States, North America. Involved in the following industries: E-Commerce, Gift Card. Funding amount (USD) so far is 62000000.0.",Bessemer Venture Partners,BERT,0.05228617787361145,0.04581312537193298,0.04577745000521342,0.04971108833948771,0.05015208986070421,0.05484462976455688,0.04340617473308857,0.040126100182533264,0.047785805331336126,0.04878285101481846,0.045123775800069175,0.03390085697174072,0.03980364799499512,0.05737851725684272,0.04520063102245331,0.04388517141342163,0.04340243339538574,0.060400897806340996,0.0575201842519972,0.07301851361989975,0.05483151078224182,0.03642803430557251,0.042940193956548516,0.04067883640527725,0.0442824587225914,0.04929361173084804,0.03980666399002075,0.04096760749816895,0.04503978292147318,0.04623076915740967
36,,Strut Learning,"Our funding stage is Venture - Series Unknown. Strut Learning is a learning management system for innovators. Located in Washington, District of Columbia, United States, North America. Involved in the following industries: E-Learning, Education, SaaS, Universities. Funding amount (USD) so far is 9500000.0.",Bessemer Venture Partners,BERT,0.04844645261764526,0.03519138097763062,0.042905072371164955,0.04089550177256266,0.04977556731965807,0.05127383470535278,0.034669568905463584,0.037435732781887054,0.039269334740108915,0.04511863844735282,0.04767077167828878,0.02568301558494568,0.03337504863739014,0.055028690232170954,0.035309791564941406,0.04622757434844971,0.03418231861931937,0.05540722608566284,0.05443949831856622,0.06739364564418793,0.0572228729724884,0.04066722393035889,0.04677251794121482,0.039600931107997894,0.052312470972537994,0.04144261564527239,0.04196597848619733,0.05643768310546875,0.03627260526021322,0.0413339376449585
37,,Ada,"Our funding stage is Series A. Ada is a computer software company that features a chatbot-based platform that helps enterprise businesses to automate customer experience. Located in Toronto, Ontario, Canada, North America. Involved in the following industries: Artificial Intelligence, Intelligent Systems, Machine Learning, SaaS. Funding amount (USD) so far is 14120620.0.",Bessemer Venture Partners,BERT,0.04974643588066101,0.038760751485824585,0.04056494434674581,0.04398354556825426,0.05332598421308729,0.054378414154052736,0.037211743684915394,0.03591613471508026,0.04403458038965861,0.049960119383675713,0.04288474718729655,0.03238841891288757,0.03705517053604126,0.06103951401180691,0.03782036900520325,0.042641282081604004,0.03910958766937256,0.0657796859741211,0.06226448880301581,0.08416036516427994,0.060491669178009036,0.027949154376983643,0.041472673416137695,0.038864560425281525,0.04615587741136551,0.04889606578009469,0.04471514906202044,0.047111892700195314,0.03313034772872925,0.04485312700271606
38,,BigBasket,"Our funding stage is Series C. BigBasket is an online food and grocery store that delivers personal and household needs right to the customer's doorstep. Located in Bangalore, Karnataka, India, Asia. Involved in the following industries: Delivery, Delivery Service, E-Commerce, Grocery, Internet, Retail, Shopping. Funding amount (USD) so far is 50000000.0.",Bessemer Venture Partners,BERT,0.059492117166519164,0.05205833911895752,0.05352349082628886,0.05873820516798231,0.04771216710408529,0.06401996612548828,0.0534253533069904,0.05302970111370087,0.05606582429673937,0.0520365834236145,0.054524372021357216,0.046923160552978516,0.049795877933502194,0.0603508816825019,0.0524943470954895,0.04751741886138916,0.05484445605959211,0.0644716891375455,0.06723011864556207,0.07495133578777313,0.06376461386680603,0.051074671745300296,0.05142725597728382,0.056499630212783813,0.05883896350860596,0.05807759080614362,0.05268549919128418,0.055332350730896,0.05745629469553629,0.046540474891662596
39,,Ceyba,"Our funding stage is Series B. Ceyba designs and develops optical networking equipment and software solutions. Located in Ottawa, Ontario, Canada, North America. Involved in the following industries: Optical Communication, Product Design, Semiconductor. Funding amount (USD) so far is 93000000.0.",Bessemer Venture Partners,BERT,0.05612128973007202,0.04810391664505005,0.050407230854034424,0.049454854594336614,0.055970205201043025,0.0631260871887207,0.041047279651348405,0.045730628073215485,0.052680101659562856,0.05939362730298724,0.05501335859298706,0.05726391077041626,0.04097059965133667,0.055445194244384766,0.04749429225921631,0.04109825690587362,0.047906194414411275,0.06510455499995839,0.0689169896973504,0.06745224446058273,0.0607638418674469,0.04880591630935669,0.055587508461692116,0.06124277412891388,0.04586746543645859,0.04227791513715472,0.058744609355926514,0.055605387687683104,0.051322360833485924,0.049843978881835935
40,,Guild Education,"Our funding stage is Series B. Guild Education's lifelong learning platform offers classes, programs, and degrees for working adults. Located in Denver, Colorado, United States, North America. Involved in the following industries: Career Planning, EdTech, Education, Employee Benefits. Funding amount (USD) so far is 21000000.0.",Bessemer Venture Partners,BERT,0.0629019320011139,0.05162859559059143,0.05109882354736328,0.05555568138758341,0.061076111263699,0.06365329027175903,0.05130035602129423,0.050772711634635925,0.05522681607140435,0.05677845648356846,0.05219880739847819,0.0518169105052948,0.053584718704223634,0.06814408302307129,0.05144995450973511,0.05659226576487223,0.05156610693250384,0.06892522356726906,0.06064052051968045,0.08252886682748795,0.06590328216552735,0.054552900791168216,0.057778103785081344,0.05576823651790619,0.06209772825241089,0.06004577875137329,0.04851503883089338,0.05574865341186523,0.049774378538131714,0.05659983158111572
41,,Formation,"Our funding stage is Seed. Formation is a remote fellowship for ambitious software engineers looking to land the next step in their career. Located in San Francisco, California, United States, North America. Involved in the following industries: Education, Recruiting, Software, Training. Funding amount (USD) so far is 4000000.0.",Andreessen Horowitz,BERT,0.05328031182289124,0.05249519348144531,0.04709239800771078,0.051063590579562716,0.05698819955190023,0.05602829456329346,0.0469901103239793,0.04791480302810669,0.04699981212615967,0.0585445761680603,0.05459854006767273,0.054317355155944824,0.04772970676422119,0.060303330421447754,0.04722544550895691,0.055461605389912925,0.052968229566301615,0.06089307503266768,0.05940156512790256,0.06747115403413773,0.06570455431938171,0.0536552906036377,0.060474715449593285,0.056071557104587555,0.05820833891630173,0.05317022119249616,0.052194995539528985,0.056266963481903076,0.05072852969169617,0.04857014417648316
42,,Balsa,"Our funding stage is Seed. Balsa is building tools for builders. Located in San Francisco, California, United States, North America. Involved in the following industries: Enterprise Software, SaaS. Funding amount (USD) so far is unknown.",Andreessen Horowitz,BERT,0.06425732970237732,0.06836545467376709,0.07109448313713074,0.07128316826290554,0.07404558526145087,0.06234135627746582,0.06812932399603036,0.06988802552223206,0.06562368075052898,0.07359692880085536,0.07390470306078593,0.06330320239067078,0.0581853985786438,0.06775303681691487,0.06444992125034332,0.07511613766352336,0.07001098564692906,0.06750442764975807,0.06838069359461467,0.06303543597459793,0.06395028829574585,0.07323086261749268,0.07322715087370439,0.0681266188621521,0.0689787045121193,0.06460670062473842,0.07354022775377546,0.07504587173461914,0.0732721487681071,0.06706081628799439
43,,Mosaic,"Our funding stage is Series A. Mosaic Building is a technology-focused construction company intended to make the construction process more efficient. Located in Phoenix, Arizona, United States, North America. Involved in the following industries: Architecture, Construction. Funding amount (USD) so far is 14250000.0.",Andreessen Horowitz,BERT,0.05549279451370239,0.04762560725212097,0.05401056011517843,0.05319627126057943,0.05611191855536567,0.0559160590171814,0.04923748970031738,0.051105983555316925,0.04554320706261529,0.054872793810708184,0.05617552995681763,0.04217520356178284,0.03979557752609253,0.05794294675191244,0.04904069006443024,0.0566330353418986,0.048821840967450826,0.05902629548853094,0.0646930800543891,0.06589928269386292,0.059738314151763915,0.053653597831726074,0.05942080237648704,0.05471228063106537,0.055471159517765045,0.05369358403342111,0.0523457442011152,0.06206842660903931,0.05653072396914164,0.05314892530441284
44,,Freenome,"Our funding stage is Series A. Freenome is a platform that helps design healthy conditions for individuals. Located in South San Francisco, California, United States, North America. Involved in the following industries: Biotechnology, Health Care, Health Diagnostics, Personal Health. Funding amount (USD) so far is 65000000.0.",Andreessen Horowitz,BERT,0.04663419723510742,0.0428139328956604,0.03220584988594055,0.040696409013536244,0.04811814096238878,0.042997443675994874,0.03693044644135695,0.03234601020812988,0.042445851696862116,0.04795375040599278,0.03672665357589722,0.04070731997489929,0.04018113613128662,0.0540773073832194,0.03529486060142517,0.04304269949595133,0.039809593132564,0.05613662979819558,0.04746449655956692,0.06694906949996948,0.05247347354888916,0.03596903085708618,0.044012400236996735,0.04394418001174927,0.0462363064289093,0.04634635789053781,0.0366694586617606,0.04289805889129639,0.038198759158452354,0.04281593561172485
45,,Hyperink,"Our funding stage is Venture - Series Unknown. Hyperink is a self-publishing platform that allows users to curate and create books on topics ranging from technology to travel. Located in San Francisco, California, United States, North America. Involved in the following industries: Digital Media, Publishing. Funding amount (USD) so far is 1200000.0.",Andreessen Horowitz,BERT,0.050077909231185914,0.04681693315505982,0.04912179708480835,0.04777971241209242,0.052912758456336126,0.0532284140586853,0.04584499964347252,0.04021754115819931,0.04619350035985311,0.05153880800519671,0.048453311125437416,0.027494430541992188,0.04209953546524048,0.06115945180257162,0.03763425350189209,0.04779082536697388,0.044536752360207696,0.058586396954276344,0.058065990606943764,0.07239577919244766,0.06159878373146057,0.03699647188186646,0.04915075952356512,0.041197195649147034,0.05634571611881256,0.0519651004246303,0.046900578907557895,0.0491257905960083,0.04248511791229248,0.044702661037445066
46,,Addi,"Our funding stage is Series B. Addi is a technology company that provides credit and banking solutions. Located in Bogotá, Distrito Especial, Colombia, South America. Involved in the following industries: Finance, Financial Services, FinTech. Funding amount (USD) so far is 15000000.0.",Andreessen Horowitz,BERT,0.06353286504745484,0.058265894651412964,0.05677804350852966,0.0627647770775689,0.05268863174650404,0.0720445990562439,0.051026697342212386,0.05913044512271881,0.06172144412994385,0.060902799878801615,0.06135819355646769,0.05866357684135437,0.05174808502197266,0.05827134847640991,0.05480918288230896,0.061276773611704506,0.06057266678128924,0.06194204633886164,0.06777751445770264,0.0707988440990448,0.06358451247215272,0.06150748729705811,0.06244918974963101,0.06115549057722092,0.060350045561790466,0.06026462997709002,0.055381791932242255,0.06081887483596802,0.0594428280989329,0.05499919652938843
47,,Lytro,"Our funding stage is Series A.  Lytro is the imaging startup that began as a ground-breaking camera company for consumers. Located in Mountain View, California, United States, North America. Involved in the following industries: Film, Hardware, Photography, Software, Video, Virtual Reality. Funding amount (USD) so far is 50000000.0.",Andreessen Horowitz,BERT,0.05063837170600891,0.047740548849105835,0.04700957735379537,0.04702187246746487,0.05216569370693631,0.057026898860931395,0.042770018944373496,0.039111584424972534,0.04979170693291558,0.05456040586744036,0.04849099119504293,0.04317936301231384,0.0414465069770813,0.05862487687004937,0.03687392175197601,0.04183149337768555,0.047047972679138184,0.062240118330175224,0.0594329833984375,0.07078586518764496,0.05962088108062744,0.03507283926010132,0.04698141054673628,0.04706553369760513,0.047228410840034485,0.0463324955531529,0.05122896603175572,0.04705841541290283,0.04569890101750692,0.04491934776306152
48,,PagerDuty,"Our funding stage is Series D. PagerDuty is an operations performance platform delivering visibility and actionable intelligence across the entire incident lifecycle. Located in San Francisco, California, United States, North America. Involved in the following industries: Cloud Computing, Information Technology, IT Management, SaaS. Funding amount (USD) so far is 90000000.0.",Andreessen Horowitz,BERT,0.05520159602165222,0.04494794607162476,0.0453777015209198,0.04533500803841485,0.06147340271208021,0.06630858182907104,0.042977952040158786,0.04093635082244873,0.05079630348417494,0.05701352868761335,0.04408898949623108,0.04951810836791992,0.04706271886825562,0.05669366651111179,0.044677019119262695,0.03920050462086996,0.043165011065346856,0.07616690072146329,0.07085937923855251,0.09030026942491531,0.06702926754951477,0.036738014221191405,0.04335590926083652,0.05082148313522339,0.04948153346776962,0.051080593041011264,0.05321375812802996,0.05043889284133911,0.038029879331588745,0.045370304584503175
49,,Proven,"Our funding stage is Series A. Proven operates as a hiring tool intended for small businesses. Located in San Francisco, California, United States, North America. Involved in the following industries: Human Resources, Recruiting, Small and Medium Businesses. Funding amount (USD) so far is 845000.0.",Andreessen Horowitz,BERT,0.05798131227493286,0.05596535205841065,0.05320016543070475,0.05639598104688856,0.05813293324576484,0.05973576307296753,0.05404925804871779,0.051831431686878204,0.05130611525641547,0.0636193071092878,0.05941366155942281,0.05537402629852295,0.04983799457550049,0.060353623496161565,0.053397566080093384,0.06388463576634724,0.05867394379207066,0.054188668727874756,0.058275865183936224,0.06215757876634598,0.05570017695426941,0.06319082975387573,0.06774752790277655,0.05889701098203659,0.059834226965904236,0.05556344134466989,0.0524134635925293,0.051946187019348146,0.053254008293151855,0.05556299686431885
50,,comma.ai,"Our funding stage is Seed. comma is solving self driving cars while delivering shippable intermediaries: openpilot and the comma two. Located in San Francisco, California, United States, North America. Involved in the following industries: Automotive, Education, Electronics, Open Source, Robotics. Funding amount (USD) so far is 3100000.0.",Andreessen Horowitz,BERT,0.04620509147644043,0.04350674748420715,0.04226544499397278,0.04160108831193712,0.05406134658389621,0.05586508512496948,0.040095774027017445,0.03843659162521362,0.0424851311577691,0.049700021743774414,0.03609709938367208,0.04541128873825073,0.04145002365112305,0.04924298657311334,0.03760327398777008,0.03614976008733114,0.04157298803329468,0.06464667211879384,0.06155551142162747,0.0726792961359024,0.05620241165161133,0.03443279266357422,0.03931996497240933,0.04829101264476776,0.036876171827316284,0.04159051179885864,0.0509300742830549,0.043573391437530515,0.04317775368690491,0.04053412675857544
51,,Everlaw,"Our funding stage is Series A. Everlaw offers a platform for document analysis to law firms, government, and corporations. Located in Oakland, California, United States, North America. Involved in the following industries: Cloud Computing, Document Management, Legal, Legal Tech. Funding amount (USD) so far is 8100000.0.",Andreessen Horowitz,BERT,0.04848430752754211,0.043292009830474855,0.037332385778427124,0.03998924626244439,0.05252385139465332,0.0558438777923584,0.03613882798414964,0.03410795331001282,0.04296682940589057,0.05315944978169033,0.041141281525293984,0.04361855983734131,0.03754489421844483,0.052368091212378606,0.036636754870414734,0.042042156060536705,0.04063875334603446,0.062035891142758454,0.055959747897254095,0.07431992143392563,0.05899503231048584,0.03551766872406006,0.04483135180039839,0.04291439801454544,0.045810259878635406,0.04562175273895264,0.04422434738704136,0.038892698287963864,0.0318757692972819,0.03899315595626831
52,,FamilyLeaf,"Our funding stage is Seed. FamilyLeaf is a social networking platform enabling users to share photos, life updates and information with their families. Located in San Francisco, California, United States, North America. Involved in the following industries: Private Social Networking, Social Media. Funding amount (USD) so far is 177000.0.",Andreessen Horowitz,BERT,0.05089913010597229,0.046652364730834964,0.049868921438852944,0.050965077347225614,0.056761589315202504,0.053080523014068605,0.047382620664743275,0.04500049352645874,0.04505712456173367,0.04986369609832764,0.05413732926050822,0.02792486548423767,0.04255973100662232,0.06074541144900852,0.04804319143295288,0.05618127187093099,0.04587843588420323,0.058267663825641976,0.05851697259479099,0.07277145236730576,0.06308687925338745,0.04400538206100464,0.055241319266232575,0.04211713373661041,0.061919644474983215,0.05405970982142857,0.04240491560527256,0.059210669994354245,0.04879350463549296,0.04706084728240967
53,,ClearStory Data,"Our funding stage is Series B. ClearStory Data provides solutions enabling business users to discover, analyze and consume data at scale from different data sources. Located in Menlo Park, California, United States, North America. Involved in the following industries: Analytics, Big Data, Business Intelligence, Collaboration, Enterprise Software, SaaS. Funding amount (USD) so far is 21000000.0.",Andreessen Horowitz,BERT,0.057043397426605226,0.04560929536819458,0.049116005500157676,0.04513961739010281,0.06021445327334934,0.06870859861373901,0.04695307749968309,0.04629027843475342,0.05324189530478583,0.05997934511729649,0.0447159210840861,0.054586946964263916,0.04828834533691406,0.05040595928827921,0.05194436013698578,0.04299734036127726,0.045553667204720635,0.0773587931286205,0.07354951567120022,0.08830393850803375,0.06842302680015563,0.045114660263061525,0.04335257681933316,0.05773644894361496,0.05245129019021988,0.05176764726638794,0.055033666746956963,0.05518649816513062,0.042370388905207314,0.04426285028457642
54,,FiftyThree,"Our funding stage is Series B. FiftyThree is a provider of collaborative presentation tool used to build the essential tools for future creators. Located in New York, New York, United States, North America. Involved in the following industries: Content Creators, Mobile, Software. Funding amount (USD) so far is 30000000.0.",Andreessen Horowitz,BERT,0.04549162387847901,0.04180182814598084,0.040582398573557533,0.040054625935024686,0.04981695943408542,0.04969624280929565,0.03860116463441115,0.03537793457508087,0.03792711098988851,0.04713138512202671,0.04465678334236145,0.031759798526763916,0.035507261753082275,0.05482183562384711,0.03538128733634949,0.045269946257273354,0.04104820319584438,0.056826683607968415,0.05498284101486206,0.06738495081663132,0.06006086468696594,0.036901211738586424,0.04622475125572898,0.040758877992630005,0.052178166806697845,0.044173555714743476,0.04226299694606236,0.04790849685668945,0.038023293018341064,0.03717888593673706
55,,Rappi,"Our funding stage is Series B. Rappi is a consumer tech company that specializes in providing online delivery services. Located in Bogotá, Distrito Especial, Colombia, South America. Involved in the following industries: Consumer Goods, E-Commerce, Food Delivery. Funding amount (USD) so far is 52765447.0.",Andreessen Horowitz,BERT,0.05671881437301636,0.04962978363037109,0.049134780963261925,0.05423828628328112,0.045558671156565346,0.06401526927947998,0.04511652542994572,0.04796084016561508,0.054558104938930936,0.055022094930921285,0.05204588174819946,0.04518267512321472,0.04368987083435059,0.05832154883278741,0.044691309332847595,0.0486263632774353,0.05015247208731515,0.05912972580302845,0.05997761752870348,0.0710178092122078,0.05731174349784851,0.04697372913360596,0.051376857540824196,0.05190356820821762,0.05172691494226456,0.05350737912314279,0.05050257274082729,0.05119998455047607,0.050411105155944824,0.04953477382659912
56,,Origin,"Our funding stage is Venture - Series Unknown. Origin is a platform that provides insurance and financial services. Located in San Francisco, California, United States, North America. Involved in the following industries: Financial Services, Insurance. Funding amount (USD) so far is 12000000.0.",General Catalyst,BERT,0.0571880578994751,0.05381820797920227,0.06100363532702128,0.06109699275758532,0.0595804320441352,0.06111786365509033,0.05535136277859028,0.0568627268075943,0.05417867501576742,0.06502794367926461,0.06488341093063354,0.038179636001586914,0.042604458332061765,0.058721217844221324,0.05684572458267212,0.06621317068735759,0.05390810114996774,0.054762417619878594,0.058650076389312744,0.060340382158756256,0.05629080533981323,0.06365516185760497,0.06603334708647295,0.052313581109046936,0.061347462236881256,0.05351688180650983,0.05483692032950265,0.061173510551452634,0.05831700563430786,0.05756525993347168
57,,OvaScience,"Our funding stage is Series B. OvaScience is a life sciences company focused on the discovery, development and commercialization of treatments for infertility. Located in Boston, Massachusetts, United States, North America. Involved in the following industries: Biotechnology, Health Care, Life Science. Funding amount (USD) so far is 37000000.0.",General Catalyst,BERT,0.061417233943939206,0.05179576277732849,0.04068564375241598,0.053427278995513916,0.058642135726081,0.05497572422027588,0.04359475007423988,0.04104287177324295,0.05938892232047187,0.06122787509645734,0.04785542686780294,0.052123188972473145,0.049476993083953855,0.07143553760316637,0.04699394106864929,0.04907159010569254,0.044475291456495016,0.07411615415052934,0.06615494357215033,0.08575527369976044,0.06674023270606995,0.04037297964096069,0.05320159955458208,0.05533944070339203,0.05247272551059723,0.05724939278193882,0.052921797548021586,0.05472491979598999,0.04454110066095988,0.05909212827682495
58,,Backupify,"Our funding stage is Series B. Backupify is a backup technology provider for cloud-based data, offering archiving, search and restore solutions for online services. Located in Cambridge, Massachusetts, United States, North America. Involved in the following industries: Cloud Data Services, Enterprise Software, Search Engine. Funding amount (USD) so far is 5000000.0.",General Catalyst,BERT,0.050526440143585205,0.040874212980270386,0.04239387313524882,0.04487186008029514,0.05369893709818522,0.061362934112548825,0.03790256151786217,0.03780559450387955,0.04596931404537625,0.052726754120418,0.04197784264882406,0.034443557262420654,0.037549304962158206,0.053244696723090276,0.04156731069087982,0.03845500946044922,0.03758472204208374,0.06645292043685913,0.06345345576604207,0.08085837960243225,0.06083168983459473,0.03149654865264893,0.04133959250016646,0.039031513035297394,0.04477175325155258,0.04417257649557931,0.04543878350939069,0.04519530534744263,0.03478354215621948,0.041036593914031985
59,,Cozy,"Our funding stage is Series A. Cozy is an online property management service designed for landlords and renters. Located in Portland, Oregon, United States, North America. Involved in the following industries: Finance, Property Management, Real Estate, Rental, Software. Funding amount (USD) so far is 3368996.0.",General Catalyst,BERT,0.06541822552680969,0.051628750562667844,0.06027047832806905,0.05863204929563734,0.05816729863484701,0.06601414680480958,0.05210004403040959,0.053972698748111725,0.054461903042263456,0.05727137838091169,0.06304702162742615,0.03345620632171631,0.04507791996002197,0.07074666685528225,0.052838802337646484,0.06290032466252644,0.048714475972311835,0.06632111289284447,0.065751936700609,0.0824621394276619,0.06967382431030274,0.05349687337875366,0.06129517880353061,0.04476232826709747,0.06813255697488785,0.05813780001231602,0.050763913563319614,0.06449851989746094,0.05221802989641825,0.0568536639213562
60,,Contrast Security,"Our funding stage is Series B. Contrast Security automatically detects vulnerabilities and defends against targeted attacks and bots with self-protecting software. Located in Los Altos, California, United States, North America. Involved in the following industries: Cloud Security, Cyber Security, Developer Tools, Enterprise Applications, Enterprise Software, Security, Software. Funding amount (USD) so far is 16000000.0.",General Catalyst,BERT,0.06217203140258789,0.05082215666770935,0.052084008852640785,0.04739804400338067,0.06344440248277453,0.07231171131134033,0.05037252719585712,0.04921817034482956,0.056445426411098905,0.06531039306095668,0.04995870590209961,0.05926513671875,0.050467050075531004,0.057363159126705594,0.05295085906982422,0.04892955223719279,0.046837798186710904,0.08085651289332997,0.07682654592725965,0.09119255095720291,0.07185519337654114,0.046621155738830564,0.049252179535952484,0.058220140635967255,0.05460692197084427,0.05439887728009905,0.06089169638497489,0.06151944398880005,0.04595365126927694,0.05087893009185791
61,,Gridco,"Our funding stage is Venture - Series Unknown. Gridco develops power management solutions for electric utilities. Located in Woburn, Massachusetts, United States, North America. Involved in the following industries: CleanTech, Energy Management, Hardware, Oil and Gas. Funding amount (USD) so far is 12000000.0.",General Catalyst,BERT,0.05831603407859802,0.05319045782089234,0.05033158262570699,0.05194416973325941,0.057772325144873724,0.06534161567687988,0.04227359019792997,0.0475587472319603,0.05580929252836439,0.06189599207469395,0.05336530009905497,0.062231600284576416,0.04721747636795044,0.058187743028004967,0.0465874969959259,0.04840618371963501,0.05310579708644322,0.06246240572495894,0.06463002496295506,0.06891122460365295,0.056486856937408444,0.04707555770874024,0.05780567906119607,0.06113386154174805,0.04362800717353821,0.049146873610360284,0.05374417134693691,0.0589923620223999,0.049485087394714355,0.053463661670684816
62,,ViajaNet,"Our funding stage is Series C. ViajaNet is an online travel agency offering flights, hotels, cruises and vacation packages to its consumers. Located in São Caetano Do Sul, Sao Paulo, Brazil, South America. Involved in the following industries: Hotel, Leisure, Online Auctions, Tourism, Travel. Funding amount (USD) so far is unknown.",General Catalyst,BERT,0.07913625240325928,0.07059875130653381,0.07716005047162373,0.0781001713540819,0.06719324323866102,0.07918754816055298,0.07101582563840426,0.06985312700271606,0.07546910974714491,0.07421233824321202,0.0744804044564565,0.05837810039520264,0.06860662698745727,0.07845137516657512,0.06656640768051147,0.0707439382870992,0.0711274402482169,0.07024815407666293,0.07545701662699382,0.08456007391214371,0.06573150753974914,0.07043509483337403,0.07202950390902432,0.06560324132442474,0.07522540539503098,0.0722453338759286,0.06952582938330513,0.07366999387741088,0.06895814339319865,0.07250757217407226
63,,Pendulum Therapeutics,"Our funding stage is Series C. Pendulum Therapeutics is a biotechnology company improving health through products targeting the microbiome. Located in San Francisco, California, United States, North America. Involved in the following industries: Biotechnology, Health Diagnostics, Medical, Therapeutics. Funding amount (USD) so far is 54000000.0.",Sequoia Capital,BERT,0.04969789981842041,0.042391377687454226,0.03435067335764567,0.0430464678340488,0.04642003774642944,0.04543780088424683,0.03343161252828745,0.03377566486597061,0.04524813095728556,0.0501390951020377,0.04159016410509745,0.03731328248977661,0.03589661121368408,0.0579762856165568,0.035475969314575195,0.042215585708618164,0.03580632380076817,0.057369129224257034,0.05138504505157471,0.06666947901248932,0.05459564328193665,0.03713293075561523,0.047029278495094994,0.04374890774488449,0.04367709159851074,0.043410684381212504,0.04065557888575962,0.047611987590789794,0.0391400953133901,0.04571278095245361
64,,Instacart,"Our funding stage is Venture - Series Unknown. Instacart is an online grocery platform that offers same-day delivery and pickup services for retailers and consumers. Located in San Francisco, California, United States, North America. Involved in the following industries: Delivery Service, E-Commerce, Grocery, Shopping. Funding amount (USD) so far is 265000000.0.",Sequoia Capital,BERT,0.056364595890045166,0.04788561463356018,0.05283073584238688,0.055592887931399874,0.055803815523783364,0.06113232374191284,0.0514102578163147,0.047860100865364075,0.053449544641706676,0.05547172682625907,0.049750715494155884,0.030333489179611206,0.04468472003936767,0.060882230599721275,0.04950554668903351,0.05399439732233683,0.04716001238141741,0.06422895734960382,0.0619128942489624,0.07996408641338348,0.05689491629600525,0.04101077318191528,0.04642635042017156,0.04587288200855255,0.0526304692029953,0.05703660420009068,0.04604207617895944,0.0533699631690979,0.048575381437937416,0.05247504711151123
65,,CommQuest Services,"Our funding stage is Venture - Series Unknown. CommQuest Services offer a broad array of mental health services designed to assist individuals Located in Canton, Ohio, United States, North America. Involved in the following industries: Fitness, Health Care. Funding amount (USD) so far is unknown.",Sequoia Capital,BERT,0.07251513600349427,0.0658605933189392,0.07169960935910542,0.07355986701117621,0.07643606927659777,0.06923447847366333,0.07056182622909546,0.06554745882749557,0.06945955091052586,0.07927182742527553,0.07421418031056722,0.05930975079536438,0.06377120018005371,0.07560441229078504,0.06930786371231079,0.08101133505503337,0.06793721233095441,0.06586652994155884,0.06631196869744195,0.07730333507061005,0.056079012155532834,0.07836725711822509,0.07697310772809116,0.06821952015161514,0.07412012666463852,0.06945373330797468,0.06370786258152553,0.0744674563407898,0.06415387988090515,0.07281473875045777
