,Unnamed: 0,Unnamed: 0.1,Company Name,Company Description,True Investor
6,7,7,Middesk,"Our funding stage is Series A. A modern infrastructure to establish trust between every business. Located in San Francisco, California, United States, North America. Involved in the following industries: Information Technology, Internet, Risk Management. Funding amount (USD) so far is 16000000.0.",Y Combinator
104,136,136,Verifiable,"Our funding stage is Seed. Verifiable is building an API to automate license verification for healthcare providers, integrating with state and federal sources. Located in San Francisco, California, United States, North America. Involved in the following industries: Health Care, Real Time, Software. Funding amount (USD) so far is 3000000.0.",Y Combinator
182,232,232,Rume,"Our funding stage is Seed. Rume is an online video platform that allows users to have multiple conversations as well as play games at the same time. Located in San Francisco, California, United States, North America. Involved in the following industries: Information Technology, Video Chat, Web Apps. Funding amount (USD) so far is 125000.0.",Y Combinator
191,245,245,Virtually,"Our funding stage is Seed. Virtually is an online school that helps in bridging live conferencing, payment-processing and student management in one place. Located in New York, New York, United States, North America. Involved in the following industries: E-Learning, Education, Video Conferencing. Funding amount (USD) so far is 125000.0.",Y Combinator
198,257,257,PhotoRoom,"Our funding stage is Seed. PhotoRoom is an AI-enabled image capturing app that lets users create studio-quality product pictures in seconds. Located in Paris, Ile-de-France, France, Europe. Involved in the following industries: Artificial Intelligence, Mobile Apps, Photo Editing, Photography. Funding amount (USD) so far is 125000.0.",Y Combinator
338,431,431,StayQrious,"Our funding stage is Seed. StayQrious is an edtech company that focusses on essential 21st century skills through live online coding classes. Located in Bangalore, Karnataka, India, Asia. Involved in the following industries: E-Learning, EdTech, Education. Funding amount (USD) so far is unknown.",Y Combinator
376,473,473,DeepSource,"Our funding stage is Seed. Deepsource is an enterprise tech startup that provides an automated tool to review codes. Located in San Francisco, California, United States, North America. Involved in the following industries: Developer APIs, Developer Tools, Enterprise Software, Internet, Software. Funding amount (USD) so far is 150000.0.",Y Combinator
529,657,657,Syndetic,"Our funding stage is Pre-Seed. Shopify for data Located in New York, New York, United States, North America. Involved in the following industries: Analytics, Information Technology, Software. Funding amount (USD) so far is unknown.",Y Combinator
645,808,808,Ramen VR,"Our funding stage is Pre-Seed. Ramen VR is a Design and development of computer game software and virtual reality software. Located in San Francisco, California, United States, North America. Involved in the following industries: Software, Virtual Reality. Funding amount (USD) so far is 173114.0.",Y Combinator
728,910,910,nplex biosciences,"Our funding stage is Pre-Seed. NPlex Biosciences develops a proteomic technology platform designed to understand, detect, and treat diseases with DNA nanotechnology. Located in Montréal, Quebec, Canada, North America. Involved in the following industries: Biotechnology, Health Diagnostics, Market Research, Nanotechnology. Funding amount (USD) so far is unknown.",Y Combinator
934,1167,167,Hibob,"Our funding stage is Venture - Series Unknown. Hibob offers a mission critical, cloud-based human resources platform that allows companies to streamline HR processes and engage top talent Located in Tel Aviv, Tel Aviv, Israel, Asia. Involved in the following industries: Human Resources, Information Technology, SaaS, Software. Funding amount (USD) so far is unknown.",Bessemer Venture Partners
1003,1251,251,Weave,"Our funding stage is Series D. Weave makes communicating with customers easier for businesses by integrating features like texting, phone service, fax, and reviews. Located in Lehi, Utah, United States, North America. Involved in the following industries: Health Care, Hospitality, Local Business, Medical, Small and Medium Businesses, Software, Unified Communications, VoIP. Funding amount (USD) so far is 70000000.0.",Bessemer Venture Partners
1089,1375,375,ART Advanced Recognition Technologies,"Our funding stage is Venture - Series Unknown. ART Advanced Recognition Technologies Inc., an Atlanta-based provider of voice and handwriting recognition software. Located in Lawrenceville, Georgia, United States, North America. Involved in the following industries: Software. Funding amount (USD) so far is 6000000.0.",Bessemer Venture Partners
1160,1466,466,Nistevo,"Our funding stage is Venture - Series Unknown. Nistevo provides software for companies needing transportation management. Located in Eden Prairie, Minnesota, United States, North America. Involved in the following industries: Computer, Software, Transportation. Funding amount (USD) so far is 8000000.0.",Bessemer Venture Partners
1201,1520,520,Glint,"Our funding stage is Series C. Glint offers an employee engagement platform. Located in Redwood City, California, United States, North America. Involved in the following industries: Analytics, Enterprise Software, Human Resources, Information Technology, Recruiting, Software. Funding amount (USD) so far is 10000000.0.",Bessemer Venture Partners
1329,1686,686,SendGrid,"Our funding stage is Series D. SendGrid is a cloud-based customer communication platform that drives engagement and business growth. Located in Denver, Colorado, United States, North America. Involved in the following industries: Business Development, Business Information Systems, CRM, Email, SaaS, Software. Funding amount (USD) so far is 33000000.0.",Bessemer Venture Partners
1331,1691,691,Azanda Network Devices,"Our funding stage is Series C. Azanda Network Devices is a communications semiconductor company headquartered in Sunnyvale, CA. Located in Sunnyvale, California, United States, North America. Involved in the following industries: Communications Infrastructure, Information Technology, Semiconductor. Funding amount (USD) so far is 10000000.0.",Bessemer Venture Partners
1420,1799,799,Knewton,"Our funding stage is Series E. Knewton is an adaptive learning technology provider with a mission to bring personalized education to the world. Located in New York, New York, United States, North America. Involved in the following industries: EdTech, Education, Machine Learning, Personalization. Funding amount (USD) so far is 51000000.0.",Bessemer Venture Partners
1439,1824,824,Betterment,"Our funding stage is Series E. Betterment is a goal-based online investment company, delivering personalized financial advice paired with low fees and customer experience. Located in New York, New York, United States, North America. Involved in the following industries: Finance, Financial Services, FinTech, Impact Investing, Internet. Funding amount (USD) so far is 100000000.0.",Bessemer Venture Partners
1458,1847,847,Altair Semiconductor,"Our funding stage is Series D. Altair is a semiconductor company developing mobile WiMAX silicon solutions optimized for handsets and handheld devices. Located in Hod Hasharon, HaMerkaz, Israel, Asia. Involved in the following industries: Information Technology, Manufacturing, Mobile, Semiconductor, Wireless. Funding amount (USD) so far is 26000000.0.",Bessemer Venture Partners
1687,2156,156,PatientPing,"Our funding stage is Series C. PatientPing is a care coordination data and software company that focuses on senior care and patients with complex needs. Located in Boston, Massachusetts, United States, North America. Involved in the following industries: Health Care, Hospital, Real Time, Wellness. Funding amount (USD) so far is 60000000.0.",Andreessen Horowitz
1781,2276,276,Deepcell,"Our funding stage is Seed. Deepcell uses AI to isolate and capture cells based on morphological features for multiple research and translational applications. Located in Mountain View, California, United States, North America. Involved in the following industries: Artificial Intelligence, Biotechnology, Genetics, Health Care. Funding amount (USD) so far is 5000000.0.",Andreessen Horowitz
2159,2748,748,Soylent,"Our funding stage is Seed. Soylent is a pioneer in food tech, producing delicious, functional foods, w/ complete nutrition that are good for the body & the planet Located in Los Angeles, California, United States, North America. Involved in the following industries: E-Commerce, Food and Beverage, Food Processing, Health Care, Nutrition, Wellness. Funding amount (USD) so far is 1500000.0.",Andreessen Horowitz
2191,2786,786,Asana,"Our funding stage is Series B. Asana is a computer software company that specializes in the fields of work management and productivity. Located in San Francisco, California, United States, North America. Involved in the following industries: Collaboration, Enterprise Software, Software, Task Management. Funding amount (USD) so far is 28000000.0.",Andreessen Horowitz
2245,2861,861,Golden,"Our funding stage is Seed. Golden is a developer of a self-constructing knowledge database used to accelerate discovery and education. Located in San Francisco, California, United States, North America. Involved in the following industries: Artificial Intelligence, Education, Knowledge Management, Machine Learning, Software. Funding amount (USD) so far is 5000000.0.",Andreessen Horowitz
2300,2929,929,PayTango,"Our funding stage is Seed. PayTango provides biometric identification for payments and access control applications. Located in Mountain View, California, United States, North America. Involved in the following industries: Biometrics, Mobile Payments, Software. Funding amount (USD) so far is 700000.0.",Andreessen Horowitz
2378,3027,91,Guardhat Technologies,"Our funding stage is Series B. Guardhat is a multi-product, feature-packed intelligent safety system that integrates cutting edge wearable technology. Located in Detroit, Michigan, United States, North America. Involved in the following industries: Industrial Automation, Wearables. Funding amount (USD) so far is 18500000.0.",General Catalyst
2591,3294,358,Anaconda,"Our funding stage is Series A. Anaconda is the most trusted Python data science platform with more than 15 million users and 150+ enterprise customers. Located in Austin, Texas, United States, North America. Involved in the following industries: Analytics, Artificial Intelligence, Big Data, Cloud Infrastructure, Enterprise Software, Machine Learning, Open Source. Funding amount (USD) so far is 10000000.0.",General Catalyst
2621,3325,389,Preempt Security,"Our funding stage is Series B. Preempt secures all workforce identities everywhere. Located in San Francisco, California, United States, North America. Involved in the following industries: Cyber Security, Network Security, Security. Funding amount (USD) so far is 17500000.0.",General Catalyst
2648,3353,417,Visible Measures,"Our funding stage is Series D. Visible Measures provides internet video publishers and advertisers with solutions that help measure video-content consumption of users. Located in Boston, Massachusetts, United States, North America. Involved in the following industries: Advertising, Publishing, Video. Funding amount (USD) so far is 13000000.0.",General Catalyst
2672,3385,449,Highfive,"Our funding stage is Series A. Highfive simplifies business collaboration with a conferencing platform that builds connected cultures. Located in Redwood City, California, United States, North America. Involved in the following industries: Collaboration, Enterprise Software, Meeting Software, SaaS, Software, Video Conferencing. Funding amount (USD) so far is 9400000.0.",General Catalyst
2713,3441,505,Ionic,"Our funding stage is Series A. Ionic builds native-quality hybrid mobile apps using web technologies. Located in Madison, Wisconsin, United States, North America. Involved in the following industries: Developer Tools, Mobile, Open Source, Software, Web Development. Funding amount (USD) so far is 8878810.0.",General Catalyst
2741,3475,539,Securiti,"Our funding stage is Series B. Securiti is an innovator of AI-Powered cybersecurity and data protection infrastructure. Located in San Jose, California, United States, North America. Involved in the following industries: Artificial Intelligence, Cyber Security, Machine Learning, Privacy, SaaS, Security, Software. Funding amount (USD) so far is 50000000.0.",General Catalyst
2767,3512,576,Raytheon BBN Technologies,"Our funding stage is Venture - Series Unknown. Raytheon BBN Technologies is an R&D organization that leverages its substantial intellectual property portfolio to produce solutions. Located in Waltham, Massachusetts, United States, North America. Involved in the following industries: Intellectual Property, Internet, Web Hosting. Funding amount (USD) so far is unknown.",General Catalyst
2960,3735,799,CoEdition,"Our funding stage is Seed. CoEdition is a retail company that specializes in the fashion marketplace dedicated to women. Located in New York, New York, United States, North America. Involved in the following industries: E-Commerce, Marketplace, Retail. Funding amount (USD) so far is 4000000.0.",General Catalyst
3103,3910,129,Rappi,"Our funding stage is Series F. Rappi is a consumer tech company that specializes in providing online delivery services. Located in Bogotá, Distrito Especial, Colombia, South America. Involved in the following industries: Consumer Goods, E-Commerce, Food Delivery. Funding amount (USD) so far is 300000000.0.",Sequoia Capital
3222,4065,284,Wingreens Farms,"Our funding stage is Seed. Wingreens Farms sells a range of food products and is retailed in the market and online. Located in Gurgaon, Haryana, India, Asia. Involved in the following industries: E-Commerce, Food and Beverage, Retail. Funding amount (USD) so far is 2000000.0.",Sequoia Capital
3292,4149,368,1mg,"Our funding stage is Series D. 1mg is an online pharmacy network platform and generic medicine engine. Located in Gurgaon, Haryana, India, Asia. Involved in the following industries: Delivery, E-Commerce, Health Care, Internet, Medical, Pharmaceutical. Funding amount (USD) so far is 70000000.0.",Sequoia Capital
3410,4296,515,KMC Constructions Limited,"Our funding stage is Private Equity. KMC Constructions is a fast growing construction company that specializes in national highway projects, airport runways and bridges. Located in Bangalore, Karnataka, India, Asia. Involved in the following industries: Real Estate. Funding amount (USD) so far is 35000000.0.",Sequoia Capital
3509,4430,649,Saba Software,"Our funding stage is Venture - Series Unknown. We want to help transform your talent management processes to help you drive better business results and gain competitive advantage. Located in Dublin, California, United States, North America. Involved in the following industries: Career Planning, Digital Media, Enterprise Software, Information Technology, Machine Learning, Robotics, Software, Training. Funding amount (USD) so far is 30000000.0.",Sequoia Capital
3528,4451,670,Velio Communications,"Our funding stage is Series C. Velio Communications, Inc. designs and manufactures high-bandwidth interconnecting semiconductors for integrated telecommunication systems. Located in Palo Alto, California, United States, North America. Involved in the following industries: Manufacturing, Semiconductor, Telecommunications. Funding amount (USD) so far is 45000000.0.",Sequoia Capital
3616,4555,774,App Annie,"Our funding stage is Series C. App Annie delivers data and insights to succeed in the app economy. Located in San Francisco, California, United States, North America. Involved in the following industries: Analytics, Artificial Intelligence, Big Data, Mobile, Software. Funding amount (USD) so far is 15000000.0.",Sequoia Capital
3708,4667,886,Rentals.com,"Our funding stage is Series A. Rentals.com is a leading online resource for residential rentals nationwide. Located in Atlanta, Georgia, United States, North America. Involved in the following industries: Real Estate, Rental, Search Engine. Funding amount (USD) so far is 12000000.0.",Sequoia Capital
3726,4690,909,Trulia,"Our funding stage is Series C. Trulia is a home and neighborhood site for buyers and renters to find homes and neighborhoods across the United States. Located in San Francisco, California, United States, North America. Involved in the following industries: Internet, Mobile Apps, Real Estate, Rental. Funding amount (USD) so far is 10000000.0.",Sequoia Capital
3855,4848,67,LaunchKit,"Our funding stage is Seed. Simple, useful tools for mobile makers. Located in San Francisco, California, United States, North America. Involved in the following industries: Developer Tools, Mobile, Mobile Apps. Funding amount (USD) so far is unknown.",GV
4081,5113,332,Lime,"Our funding stage is Series D. Lime helps people move around their cities in an affordable and convenient way while eliminating their carbon footprint. Located in San Francisco, California, United States, North America. Involved in the following industries: Cycling, Last Mile Transportation, Mobile Apps, Ride Sharing, Transportation. Funding amount (USD) so far is 310000000.0.",GV
4337,5427,646,Foundation Medicine,"Our funding stage is Series B. Foundation medicine is a molecular information company developing clinical diagnostic tests that facilitates personalized cancer therapies. Located in Cambridge, Massachusetts, United States, North America. Involved in the following industries: Biotechnology, Genetics, Health Care, Medical. Funding amount (USD) so far is 42500000.0.",GV
4354,5444,663,Hey! Inc.,"Our funding stage is Series A. Heyday is an automatic journal enabling people to keep track of the places they visit and the things they see. Located in San Francisco, California, United States, North America. Involved in the following industries: Apps, Lifestyle, Mobile. Funding amount (USD) so far is 3500000.0.",GV
4382,5479,698,Locanabio,"Our funding stage is Series A. Locana is a RNA-targeting gene therapy company Located in San Diego, California, United States, North America. Involved in the following industries: Biotechnology. Funding amount (USD) so far is 55000000.0.",GV
4497,5618,7,Didi,"Our funding stage is Debt Financing. Didi is a mobile platform that offers app-based transportation services. Located in Beijing, Beijing, China, Asia. Involved in the following industries: Mobile Apps, Public Transportation, Ride Sharing, Transportation. Funding amount (USD) so far is 1500000000.0.",Goldman Sachs
4505,5627,16,Axoni,"Our funding stage is Series B. Axoni offers blockchain infrastructure, distributed application development, and workflow automation tools. Located in New York, New York, United States, North America. Involved in the following industries: Analytics, Blockchain, Financial Services, FinTech, Software. Funding amount (USD) so far is 31000000.0.",Goldman Sachs
4547,5676,65,Sansan,"Our funding stage is Series D. Sansan is a multi-platform cloud-based contact management solution for corporations.  Located in Tokyo, Tokyo, Japan, Asia. Involved in the following industries: B2B, Contact Management, CRM, Enterprise Software, Small and Medium Businesses, Software. Funding amount (USD) so far is 17600000.0.",Goldman Sachs
4639,5790,179,Instantis,"Our funding stage is Series A. Instantis provides project portfolio management software for business process and information technology companies. Located in Santa Clara, California, United States, North America. Involved in the following industries: Cloud Security, Information Technology, SaaS, Software. Funding amount (USD) so far is 15000000.0.",Goldman Sachs
4667,5821,210,Complient Corporation,"Our funding stage is Venture - Series Unknown. Nation's premier provider of AED programs and actively manages hundreds of corporate and government AED programs. Located in Solon, Ohio, United States, North America. Involved in the following industries: Infrastructure, Internet, Web Development. Funding amount (USD) so far is 44000000.0.",Goldman Sachs
4789,5965,354,Terawave Communications,"Our funding stage is Series B. Terawave Communications is a global manufacturer of GPON solutions for business, government and residential applications. Located in Hayward, California, United States, North America. Involved in the following industries: Communications Infrastructure, Optical Communication, Telecommunications. Funding amount (USD) so far is 35000000.0.",Goldman Sachs
4826,6009,398,Polyvore,"Our funding stage is Series C. Polyvore is a new way to discover and shop for the things you love. Located in Mountain View, California, United States, North America. Involved in the following industries: E-Commerce, Fashion, Shopping. Funding amount (USD) so far is 14000000.0.",Goldman Sachs
4885,6078,467,Instantis,"Our funding stage is Series C. Instantis provides project portfolio management software for business process and information technology companies. Located in Santa Clara, California, United States, North America. Involved in the following industries: Cloud Security, Information Technology, SaaS, Software. Funding amount (USD) so far is 5000000.0.",Goldman Sachs
4990,6202,591,Viela Bio,"Our funding stage is Series B. Viela Bio is a clinical-stage biotechnology company pioneering and advancing treatments for severe inflammation and autoimmune diseases. Located in Gaithersburg, Maryland, United States, North America. Involved in the following industries: Biopharma, Biotechnology, Health Diagnostics, Medical, Wellness. Funding amount (USD) so far is 75000000.0.",Goldman Sachs
5114,6345,734,Alphion,"Our funding stage is Series B. Alphion Corporation develops and markets passive optical network access systems, subsystems, and integrated photonic devices. Located in Princeton Junction, New Jersey, United States, North America. Involved in the following industries: Manufacturing, Small and Medium Businesses, Web Hosting, Wireless. Funding amount (USD) so far is 10643000.0.",Goldman Sachs
5150,6391,780,iCrossing,"Our funding stage is Series F. iCrossing is a digital marketing company providing planning and development services for brands and agencies. Located in Brighton, East Sussex, United Kingdom, Europe. Involved in the following industries: Advertising, Consulting, Digital Marketing, Semantic Search, SEO. Funding amount (USD) so far is 15000000.0.",Goldman Sachs
5152,6393,782,Accelerant Networks,"Our funding stage is Series B. Accelerant Networks, a communications integrated circuit company. Located in Beaverton, Oregon, United States, North America. Involved in the following industries: Computer, Electronics, Location Based Services, Manufacturing, Network Hardware, Optical Communication. Funding amount (USD) so far is 15000000.0.",Goldman Sachs
5172,6421,810,Axsun Technologies,"Our funding stage is Series B. Axsun Technologies develops a new approach to design and manufacture miniaturized optical micro-instruments for a variety of industries. Located in Billerica, Massachusetts, United States, North America. Involved in the following industries: Electronics, Manufacturing, Telecommunications. Funding amount (USD) so far is 36000000.0.",Goldman Sachs
5316,6600,161,Shockwave Medical,"Our funding stage is Series B. Shockwave Medical is developing the Lithoplasty™ family of balloon dilatation catheters that incorporate tiny lithotripsy electrodes. Located in Fremont, California, United States, North America. Involved in the following industries: Health Care, Medical, Medical Device. Funding amount (USD) so far is 40000000.0.",Venrock
5346,6633,194,Redbeacon (Pro Referral),"Our funding stage is Series A. Redbeacon allows consumers who need a service performed to find and interact with local businesses and professionals. Located in Foster City, California, United States, North America. Involved in the following industries: Local, Network Security, Search Engine. Funding amount (USD) so far is 7400000.0.",Venrock
5414,6724,285,Starbak,"Our funding stage is Venture - Series Unknown. Starbak provides enterprise video networks and portals that allow organizations to reach employees and customers via video programming. Located in Burlington, Massachusetts, United States, North America. Involved in the following industries: Enterprise Software, Video, Video on Demand. Funding amount (USD) so far is 2500000.0.",Venrock
5522,6855,416,Healinx,"Our funding stage is Series C. An application service provider of Internet-based physician-patient communications tools Located in Alameda, California, United States, North America. Involved in the following industries: Health Care, Information Services, Internet, Medical. Funding amount (USD) so far is 19000000.0.",Venrock
5554,6899,460,Infinera Corporation,"Our funding stage is Series E. Infinera Corporation provides optical networking systems based on photonic integration technology in the United States. Located in Sunnyvale, California, United States, North America. Involved in the following industries: Information Technology, Internet, Optical Communication, Service Industry, Telecommunications. Funding amount (USD) so far is 52000000.0.",Venrock
5571,6920,481,klout,"Our funding stage is Series C. Klout is an application that measures and ranks its users according to online social influence by using social media analytics. Located in San Francisco, California, United States, North America. Involved in the following industries: Analytics, Internet, Social Media. Funding amount (USD) so far is 30000000.0.",Venrock
5634,7001,562,Smartling,"Our funding stage is Series D. Smartling uses technology to transform the way content is created and consumed around the world. Located in New York, New York, United States, North America. Involved in the following industries: Enterprise Software, Information Services, Information Technology, Marketing. Funding amount (USD) so far is 25000000.0.",Venrock
5702,7092,653,Sirna Therapeutics,"Our funding stage is Venture - Series Unknown. Sirna Therapeutics is a biotechnology company exploring the use of RNA interference in human disease therapy. Located in San Francisco, California, United States, North America. Involved in the following industries: Biotechnology, Information Technology, Medical. Funding amount (USD) so far is 48000000.0.",Venrock
5802,7213,23,Mosaic,"Our funding stage is Series A. Mosaic Building is a technology-focused construction company intended to make the construction process more efficient. Located in Phoenix, Arizona, United States, North America. Involved in the following industries: Architecture, Construction. Funding amount (USD) so far is 14250000.0.",Greylock
5830,7246,56,Delphix,"Our funding stage is Series C. Delphix provides an intelligent data platform that accelerates digital transformation for companies around the world. Located in Redwood City, California, United States, North America. Involved in the following industries: Analytics, Application Performance Management, Computer, Database, SaaS, Software, Virtualization. Funding amount (USD) so far is 25000000.0.",Greylock
5847,7267,77,Coda,"Our funding stage is Series B. Coda is a new document that brings words, data, and teams together. Located in San Francisco, California, United States, North America. Involved in the following industries: Apps, Collaboration, Document Management, Internet, Mobile Apps, Product Management, Productivity Tools, Software. Funding amount (USD) so far is 35000000.0.",Greylock
5927,7369,179,North Technologies,"Our funding stage is Seed. A startup in the consumer internet space Located in San Francisco, California, United States, North America. Involved in the following industries: File Sharing, Internet, Service Industry. Funding amount (USD) so far is 5000000.0.",Greylock
5960,7409,219,CASHU,"Our funding stage is Venture - Series Unknown. CASHU is a safe payment method designed for and customized to suit, serve, and support online shoppers. Located in Dubai, Dubai, United Arab Emirates, Asia. Involved in the following industries: E-Commerce, Finance, Financial Services, FinTech, Internet. Funding amount (USD) so far is 15000000.0.",Greylock
5987,7439,249,Proven,"Our funding stage is Series A. Proven operates as a hiring tool intended for small businesses. Located in San Francisco, California, United States, North America. Involved in the following industries: Human Resources, Recruiting, Small and Medium Businesses. Funding amount (USD) so far is 845000.0.",Greylock
6157,7631,441,Recurious,"Our funding stage is Venture - Series Unknown. Recurious is a game development platform focused on developing educational games for kids. Located in Sunnyvale, California, United States, North America. Involved in the following industries: Apps, Children, Education, Gaming, Video Games. Funding amount (USD) so far is 1500000.0.",Greylock
6315,7832,642,If You Can,"Our funding stage is Series A. If You Can is a computer software company that helps children develop their social and emotional intelligence. Located in San Mateo, California, United States, North America. Involved in the following industries: Apps, EdTech, Education, Software. Funding amount (USD) so far is 6500000.0.",Greylock
6362,7889,699,PolyServe,"Our funding stage is Series D. PolyServe offers database and file serving utilities for scalable NAS, Windows file and print, web and application clusters, and Oracle. Located in Beaverton, Oregon, United States, North America. Involved in the following industries: Database, Information Technology, Software. Funding amount (USD) so far is 20000000.0.",Greylock
6531,8107,170,Dooluu,"Our funding stage is Series A. Dooluu is an app for parents and preschool teachers to track and share photos, videos, and posts of children’s daily life. Located in Hangzhou, Zhejiang, China, Asia. Involved in the following industries: Apps, Mobile Apps, Parenting, Photo Sharing, Social Media. Funding amount (USD) so far is 4000000.0.",GGV Capital
6584,8175,238,RT-Thread,"Our funding stage is Series B. RT-Thread is an open source embedded real-time operating system (RTOS) born in 2006. Located in Shanghai, Shanghai, China, Asia. Involved in the following industries: Computer, Hardware, Software. Funding amount (USD) so far is 14217673.0.",GGV Capital
6628,8229,292,Chief,"Our funding stage is Series A. Chief, the private leadership network, was built to connect and support powerful women. Located in New York, New York, United States, North America. Involved in the following industries: Communities, Professional Networking, Professional Services, Social Network, Women's. Funding amount (USD) so far is 22000000.0.",GGV Capital
6681,8296,359,Haohaozhu,"Our funding stage is Series B. Haohaozhu is a home improvement & interior design platform that offers a social and information sharing community. Located in Beijing, Beijing, China, Asia. Involved in the following industries: Home Decor, Interior Design. Funding amount (USD) so far is unknown.",GGV Capital
6689,8305,368,ZettaCom,"Our funding stage is Series C. ZettaCom is a manufactures and supplies chipset solutions to core multi-service switch and router original equipment manufacturers (OEMs). Located in Santa Clara, California, United States, North America. Involved in the following industries: Computer, Electronics, Manufacturing, Sales, Semiconductor. Funding amount (USD) so far is 19200000.0.",GGV Capital
6729,8352,415,Yamibuy,"Our funding stage is Series A. Yamibuy is the leading Asian-centric Internet retailer in the U.S. Located in Brea, California, United States, North America. Involved in the following industries: Beauty, E-Commerce, Retail. Funding amount (USD) so far is 10000000.0.",GGV Capital
6911,8574,637,Alibaba Group,"Our funding stage is Series D. Alibaba Group enables businesses to transform the way they market, sell, operate and improve their efficiencies. Located in Hangzhou, Zhejiang, China, Asia. Involved in the following industries: Association, B2B, E-Commerce, Information Technology, Infrastructure, Internet, Shopping. Funding amount (USD) so far is 82000000.0.",GGV Capital
7059,8765,130,Deep Genomics,"Our funding stage is Series A. Deep Genomics is using artificial intelligence to build a new universe of life-saving genetic therapies.  Located in Toronto, Ontario, Canada, North America. Involved in the following industries: Artificial Intelligence, Biotechnology, Genetics, Therapeutics. Funding amount (USD) so far is 13000000.0.",Khosla Ventures
7137,8868,233,HackerRank,"Our funding stage is Series A. HackerRank, the developer skills company, helps businesses attract, evaluate and hire the best technical talent from around the world. Located in Mountain View, California, United States, North America. Involved in the following industries: Employment, Internet, Internet of Things, Recruiting, Skill Assessment, Software. Funding amount (USD) so far is 3500000.0.",Khosla Ventures
7209,8967,332,Kior,"Our funding stage is Post-IPO Debt. Kior, a renewable fuels company, converts biomass into renewable crude oil that is processed into gasoline, diesel and fuel oil blendstocks. Located in Pasadena, Texas, United States, North America. Involved in the following industries: Agriculture, Energy, Fuel, Oil and Gas, Renewable Energy. Funding amount (USD) so far is 75000000.0.",Khosla Ventures
7349,9146,511,CloudTrucks,"Our funding stage is Seed. CloudTrucks offers a virtual trucking carrier application designed to reduce operating costs for truck drivers. Located in San Francisco, California, United States, North America. Involved in the following industries: Apps, Freight Service, Logistics, Shipping, Transportation. Funding amount (USD) so far is 6100000.0.",Khosla Ventures
7526,9368,733,Iora Health,"Our funding stage is Series F. Iora Health is a healthcare company that helps patients manage their health and navigate the healthcare system. Located in Boston, Massachusetts, United States, North America. Involved in the following industries: Health Care, Medical, Medical Device. Funding amount (USD) so far is 126000000.0.",Khosla Ventures
7621,9486,851,Jido Maps,"Our funding stage is Seed. Jido Maps is a software company that offers an API for persistent augmented reality. Located in San Francisco, California, United States, North America. Involved in the following industries: Artificial Intelligence, Augmented Reality, Developer APIs, Internet, Machine Learning, Software, Telecommunications, Virtual Reality. Funding amount (USD) so far is 2100000.0.",Khosla Ventures
7706,9591,72,Hotmail,"Our funding stage is Venture - Series Unknown. HotMail is a web-based email service. Located in Washington, District of Columbia, United States, North America. Involved in the following industries: Email, Events, Web Browsers. Funding amount (USD) so far is 3000000.0.",Menlo Ventures
7916,9870,351,Sellpoints,"Our funding stage is Venture - Series Unknown. Sellpoints is an e-commerce technology provider dedicated to helping brands and retailers sell more online. Located in Emeryville, California, United States, North America. Involved in the following industries: Advertising, Digital Media, E-Commerce, E-Commerce Platforms, Retail. Funding amount (USD) so far is 7000000.0.",Menlo Ventures
8147,10172,6,Belong,"Our funding stage is Series B. Belong is a residential network that vertically integrates all aspects of the home rental and home improvement process. Located in San Mateo, California, United States, North America. Involved in the following industries: Consumer Software, Hospitality, Internet, Property Management, Real Estate, Residential, Service Industry. Funding amount (USD) so far is 40000000.0.",Battery Ventures
8288,10349,183,Adku,"Our funding stage is Seed. Adku is a stealth startup providing big data and related services for e-commerce companies. Located in San Francisco, California, United States, North America. Involved in the following industries: Big Data, E-Commerce, Enterprise Software. Funding amount (USD) so far is 1500000.0.",Battery Ventures
8306,10369,203,Quantum Leap Packaging,"Our funding stage is Series A. Quantum Leap Packaging is an electronic packaging and polymer science company. Located in Wilmington, Massachusetts, United States, North America. Involved in the following industries: Electronics, Manufacturing, Semiconductor. Funding amount (USD) so far is 3500000.0.",Battery Ventures
8320,10389,223,Ignite Technologies,"Our funding stage is Series E. Ignite Technologies is a software security company. Located in Austin, Texas, United States, North America. Involved in the following industries: Content, Content Delivery Network, Publishing, Security, Software. Funding amount (USD) so far is 15062000.0.",Battery Ventures
8554,10677,511,Avalara,"Our funding stage is Series C. Avalara develops a platform that automates the major steps of tax compliance, all in the cloud. Located in Seattle, Washington, United States, North America. Involved in the following industries: E-Commerce, Enterprise Software, SaaS, Software. Funding amount (USD) so far is 30000000.0.",Battery Ventures
8734,10897,3,Valyuu.com,"Our funding stage is Seed. Valyuu has created a Circular Economy Marketplace to connect consumers and organizations who have unused electronic products with companies that give these products a second life. Located in Rotterdam, Zuid-Holland, The Netherlands, Europe. Involved in the following industries: Consumer Electronics, E-Commerce, Internet, Marketplace. Funding amount (USD) so far is 100000.0.",Techstars
8814,11005,111,Skopenow,"Our funding stage is Seed. Skopenow is an analytical search engine for discovering fraud, threat, and risk. Located in New York, New York, United States, North America. Involved in the following industries: Analytics, Enterprise Software, Fraud Detection, InsurTech, Risk Management, Search Engine, Security, Visual Search. Funding amount (USD) so far is 500000.0.",Techstars
8854,11059,165,Arextech,"Our funding stage is Pre-Seed. Arextech designs and creates collaborative solutions that simplify, automate and scale complex real estate processes. Located in Toronto, Ontario, Canada, North America. Involved in the following industries: Blockchain, Commercial Real Estate, Information Technology, Real Estate, Real Estate Investment, Software. Funding amount (USD) so far is 120000.0.",Techstars
8985,11226,332,Sentiment Search,"Our funding stage is Pre-Seed. The next generation of CX insights for restaurants. Located in London, England, United Kingdom, Europe. Involved in the following industries: Analytics, Hospitality, Social Media. Funding amount (USD) so far is unknown.",Techstars
9104,11372,478,Sigma Ratings,"Our funding stage is Seed. Sigma Ratings is an AI-powered non-credit rating agency focused on quantifying company-level non-credit risks. Located in New York, New York, United States, North America. Involved in the following industries: Artificial Intelligence, Compliance, Information Technology, Machine Learning. Funding amount (USD) so far is 700000.0.",Techstars
9137,11413,519,RagnaRock Geo,"Our funding stage is Seed. RagnaRock Geo is an artificial intelligent software intended to interpret seismic data company. Located in Trondheim, Sor-Trondelag, Norway, Europe. Involved in the following industries: Analytics, Artificial Intelligence, Data Visualization, Machine Learning, Software. Funding amount (USD) so far is 120000.0.",Techstars
9225,11518,624,Joonko,"Our funding stage is Seed. Source qualified applicants from underrepresented groups – effortlessly and instantly. Located in Birmingham, Alabama, United States, North America. Involved in the following industries: Human Resources, Software. Funding amount (USD) so far is 270000.0.",Techstars
9475,11831,937,Quantemplate,"Our funding stage is Seed. Insurance data  integration, automation & analytics Located in London, England, United Kingdom, Europe. Involved in the following industries: Analytics, Artificial Intelligence, Data Integration, Enterprise Software, InsurTech, Machine Learning. Funding amount (USD) so far is unknown.",Techstars
9486,11846,952,LISNR,"Our funding stage is Venture - Series Unknown. LISNR enables secure and seamless data transmission using the most advanced ultrasonic data technology Located in Oakland, California, United States, North America. Involved in the following industries: Analytics, Audio, Automotive, FinTech, Internet of Things, Mobile, Mobile Payments, Retail Technology, Ticketing, Transportation. Funding amount (USD) so far is unknown.",Techstars
10006,12517,623,Mynd,"Our funding stage is Venture - Series Unknown. Mynd MYND Property Management is a customer-first, tech-enabled property management firm based in Oakland, Calif. Located in Oakland, California, United States, North America. Involved in the following industries: Mobile Apps, Property Management, Real Estate. Funding amount (USD) so far is 5000000.0.",Lightspeed Venture Partners
10145,12688,794,Arctic Wolf,"Our funding stage is Series A. Arctic Wolf helps companies end cyber risk by providing security operations as a concierge service. Located in Eden Prairie, Minnesota, United States, North America. Involved in the following industries: Cyber Security, Information Technology, Network Security, Software. Funding amount (USD) so far is 7200000.0.",Lightspeed Venture Partners
10154,12699,805,Cognicept Systems,"Our funding stage is Pre-Seed. Cognicept Systems provides tech stack that enables humans to control anywhere globally and resolve issues using machine learning. Located in Singapore, Central Region, Singapore, Asia. Involved in the following industries: Information Technology, Machine Learning, Robotics. Funding amount (USD) so far is unknown.",Lightspeed Venture Partners
10168,12720,826,Scodix,"Our funding stage is Venture - Series Unknown. Scodix provides digital print enhancement solutions via SENSE for the graphic arts industry. Located in Rosh Ha'ayin, HaMerkaz, Israel, Asia. Involved in the following industries: Hardware, Printing, Software. Funding amount (USD) so far is 14000000.0.",Lightspeed Venture Partners
10258,12835,15,Airmeet,"Our funding stage is Series A. Airmeet is an all-in-one events platform for virtual summits, meetups, and workshops that includes virtual social lounges for networking. Located in Bengaluru, Karnataka, India, Asia. Involved in the following industries: Events, Social, Software, Video Conferencing. Funding amount (USD) so far is 12000000.0.",Redpoint
10557,13221,401,Sabeus Photonics,"Our funding stage is Series C. Sabeus Photonics optical devices and expand manufacturing facilities. Sabeus supplies optical communications components. Located in Calabasas, California, United States, North America. Involved in the following industries: Manufacturing, Optical Communication, Telecommunications. Funding amount (USD) so far is 16000000.0.",Redpoint
10680,13362,542,WiChorus,"Our funding stage is Series B. WiChorus provides smart 4G core infrastructure products to enable operators to deploy WiMAX and LTE networks. Located in San Jose, California, United States, North America. Involved in the following industries: Infrastructure, Internet, Web Hosting. Funding amount (USD) so far is 15000000.0.",Redpoint
10783,13492,29,Recourse Technologies,"Our funding stage is Private Equity. Recourse Technologies provides threat management software solutions that contain, control and respond to malicious computer threats. Located in Redwood City, California, United States, North America. Involved in the following industries: Security. Funding amount (USD) so far is 11000000.0.",Canaan Partners
10797,13509,46,Axis Security,"Our funding stage is Series B. Axis Security manages and secures business applications through modern architecture, technology, and a zero-trust business-centric approach. Located in San Mateo, California, United States, North America. Involved in the following industries: Cloud Security, Cyber Security, Information Technology, Network Security, Software. Funding amount (USD) so far is 32000000.0.",Canaan Partners
10828,13551,88,Ellacoya Networks,"Our funding stage is Series D. Ellacoya Networks is a communications equipment company, provides solutions for building broadband networks. Located in Merrimack, New Hampshire, United States, North America. Involved in the following industries: Communication Hardware, Communications Infrastructure, Network Hardware. Funding amount (USD) so far is 13500000.0.",Canaan Partners
10871,13604,141,Hallo,"Our funding stage is Seed. An online events platform enabling companies to build authentic relationships with diverse candidates to improve the candidate experience. Located in Los Angeles, California, United States, North America. Involved in the following industries: Brand Marketing, Internet of Things, Recruiting. Funding amount (USD) so far is 1114000.0.",Canaan Partners
10956,13705,242,NextCure,"Our funding stage is Series A. NextCure is a biopharmaceutical company focused on discovering and developing next generation immuno-oncology-based drugs. Located in Beltsville, Maryland, United States, North America. Involved in the following industries: Biopharma, Biotechnology, Health Care. Funding amount (USD) so far is 67000000.0.",Canaan Partners
10974,13723,260,Ignite Technologies,"Our funding stage is Series B. Ignite Technologies is a software security company. Located in Austin, Texas, United States, North America. Involved in the following industries: Content, Content Delivery Network, Publishing, Security, Software. Funding amount (USD) so far is 9000000.0.",Canaan Partners
11017,13777,314,Echopass,"Our funding stage is Venture - Series Unknown. Echopass is an app service provider offering web-based telephone and Internet customer support services, including email and web call-backs. Located in Pleasanton, California, United States, North America. Involved in the following industries: Enterprise, Government, Internet, Web Hosting. Funding amount (USD) so far is 6627000.0.",Canaan Partners
11466,14337,211,Drover AI,"Our funding stage is Seed. AI-powered IoT module for micromobility fleets Located in unknown. Involved in the following industries: Artificial Intelligence, Internet of Things, Last Mile Transportation, Machine Learning. Funding amount (USD) so far is unknown.",500 Startups
11475,14346,220,Dawaai,"Our funding stage is Seed. Dawaai operates as a digital health platform with an online network of pharmacies and generic medicine. Located in Karachi, Sindh, Pakistan, Asia. Involved in the following industries: E-Commerce, Health Care, Internet, mHealth, Pharmaceutical. Funding amount (USD) so far is unknown.",500 Startups
11580,14478,352,Melodics,"Our funding stage is Seed. Melodics is the new way to learn to play musical instruments Located in Auckland, Auckland, New Zealand, Oceania. Involved in the following industries: Mobile Apps, Mobile Devices, Music. Funding amount (USD) so far is 1200000.0.",500 Startups
11591,14490,364,Copper Cow Coffee,"Our funding stage is Seed. Copper Cow Coffee is a Vietnamese coffee company that offers specialty Vietnamese coffee to offices and homes. Located in Los Angeles, California, United States, North America. Involved in the following industries: Agriculture, Coffee, Food and Beverage. Funding amount (USD) so far is unknown.",500 Startups
11624,14530,404,Apptuto,"Our funding stage is Angel. Apptuto is an edtech startup providing a gamified social learning solution to students undertaking standardised exams. Located in San Francisco, California, United States, North America. Involved in the following industries: E-Learning, Gaming, Social. Funding amount (USD) so far is 500000.0.",500 Startups
11729,14665,539,Tripscout,"Our funding stage is Seed. Tripscout is a travel entertainment platform that serves as a personalized up-to-date travel guide. Located in Chicago, Illinois, United States, North America. Involved in the following industries: Travel. Funding amount (USD) so far is 2100000.0.",500 Startups
11738,14675,549,Canal Circle,"Our funding stage is Seed. Canal Circle builds a financially inclusive ecosystem for the under served Vietnamese in rural areas. Located in Hanoi, NA - Vietnam, Vietnam, Asia. Involved in the following industries: Financial Services. Funding amount (USD) so far is unknown.",500 Startups
11758,14701,575,Kolay,"Our funding stage is Angel. Kolay helps HR professionals to streamline their day to day tasks with an easy to use and smart SaaS platform. Located in Kagithane, Istanbul, Turkey, Europe. Involved in the following industries: Human Resources, SaaS, Software. Funding amount (USD) so far is 450000.0.",500 Startups
11876,14850,724,Ordera,"Our funding stage is Seed. Ordera is a mobile-based platform that focuses on contactless drive-through and on-the-go picks up options. Located in Wilmington, Delaware, United States, North America. Involved in the following industries: CRM, E-Commerce, Food and Beverage, Marketing. Funding amount (USD) so far is unknown.",500 Startups
12072,15091,965,Memorick,"Our funding stage is Seed. Memorick offers vacation photo-shoot services at affordable prices,connecting tourists with local photographers. Located in Mexico, Maine, United States, North America. Involved in the following industries: E-Commerce, Leisure, Travel. Funding amount (USD) so far is unknown.",500 Startups
12095,15116,990,Qwil,"Our funding stage is Series A. Qwil provides individual contractors, freelancers, and small businesses with financial tools and solutions. Located in San Francisco, California, United States, North America. Involved in the following industries: Financial Services, FinTech, Payments, Sharing Economy. Funding amount (USD) so far is 5000000.0.",500 Startups
12137,15166,40,Even Financial,"Our funding stage is Series A. Even is leading search, comparison, and recomendation engine for financial service. Located in New York, New York, United States, North America. Involved in the following industries: Finance, Financial Services, FinTech. Funding amount (USD) so far is 15500000.0.",Plug and Play
12194,15230,104,Change Foods,"Our funding stage is Seed. Creating real, animal-free cheese and dairy products using fermentation biotechnology. Located in Palo Alto, California, United States, North America. Involved in the following industries: Biotechnology, Consumer Goods, Food and Beverage, Food Processing, Sustainability. Funding amount (USD) so far is unknown.",Plug and Play
12248,15297,171,Meru Health,"Our funding stage is Series A. Meru Health offers a digital program that helps improve the lives of people living with depression and saves on healthcare costs. Located in San Mateo, California, United States, North America. Involved in the following industries: Health Care, Medical, Personal Health. Funding amount (USD) so far is 8100000.0.",Plug and Play
12309,15377,251,Chiron Health,"Our funding stage is Seed. Chiron Health is the only platform designed to get physician practices fully reimbursed for routine follow-up visits over video chat. Located in Austin, Texas, United States, North America. Involved in the following industries: Health Care, Hospital, Medical, Wellness. Funding amount (USD) so far is unknown.",Plug and Play
12343,15418,292,Rock My World Media,"Our funding stage is Seed. Rock My World Media is a digital health & fitness company. Located in San Diego, California, United States, North America. Involved in the following industries: Apps, Fitness, Health Care, Sports. Funding amount (USD) so far is 25000.0.",Plug and Play
12413,15504,378,"Zippia, Inc.","Our funding stage is Pre-Seed. Zippia offers every person access to all of their career options and how those various paths will impact their professional lives. Located in San Mateo, California, United States, North America. Involved in the following industries: Career Planning, Human Resources, Machine Learning, Training. Funding amount (USD) so far is 350000.0.",Plug and Play
12544,15664,538,JoyRun,"Our funding stage is Seed. JoyRun is a community based delivery company. Located in Santa Clara, California, United States, North America. Involved in the following industries: Delivery, Mobile Apps, Restaurants. Funding amount (USD) so far is 1300000.0.",Plug and Play
12713,15878,752,Tattooistic,"Our funding stage is Seed. Tattooistic Located in Valencia, Comunidad Valenciana, Spain, Europe. Involved in the following industries: unknown. Funding amount (USD) so far is unknown.",Plug and Play
12807,15996,870,Ledgie,"Our funding stage is Seed. Ledgie is an upcoming personal finance app for cryptocurrency users. Located in Berkeley, California, United States, North America. Involved in the following industries: Blockchain, Financial Services, FinTech, Internet, Mobile, Mobile Apps, Payments. Funding amount (USD) so far is unknown.",Plug and Play
12929,16143,17,Pencil,"Our funding stage is Seed. Pencil is a content publishing platform that enables writers to publish their work for free. Located in Mumbai, Maharashtra, India, Asia. Involved in the following industries: Apps, Content, Content Marketing, Publishing. Funding amount (USD) so far is 991204.0.",SSOV
13068,16323,197,Ivy Natal,"Our funding stage is Seed. Ivy Natal develops a process to create human egg cells from skin samples as a treatment for most cases of infertility. Located in San Francisco, California, United States, North America. Involved in the following industries: Biotechnology, Health Care, Life Science, Medical. Funding amount (USD) so far is 250000.0.",SSOV
13073,16328,202,Qwasar Silicon valley,"Our funding stage is Convertible Note. SAAS Education software Located in Oakland, California, United States, North America. Involved in the following industries: Higher Education. Funding amount (USD) so far is unknown.",SSOV
13287,16606,480,MakersTV,"Our funding stage is Venture - Series Unknown. Makers.TV is a unique 40 day, mentor driven accelerator program. Located in Cork, Cork, Ireland, Europe. Involved in the following industries: Finance, Marketplace, TV. Funding amount (USD) so far is unknown.",SSOV
13548,16925,799,Coffee Exchange,"Our funding stage is Pre-Seed. Coffee Exchange is a global marketplace that connects roasters directly to coffee farmers. Located in Shanghai, Shanghai, China, Asia. Involved in the following industries: AgTech, B2B, Coffee, E-Commerce Platforms, Marketplace. Funding amount (USD) so far is 170000.0.",SSOV
13549,16926,800,QPD,"Our funding stage is Venture - Series Unknown. Serves as the official repository for all qualification information in the form of Qualification Data Sets. Located in Fort Belvoir, Virginia, United States, North America. Involved in the following industries: Big Data, Data Center, Database. Funding amount (USD) so far is unknown.",SSOV
13593,16977,851,Invigo,"Our funding stage is Seed. Invigo was founded by an experienced management and engineering team with a dedication to design. Located in Beirut, Beyrouth, Lebanon, Asia. Involved in the following industries: iOS, Mobile Devices, Telecommunications. Funding amount (USD) so far is unknown.",SSOV
13625,17014,888,MOAI,"Our funding stage is Pre-Seed. Make Aquariums Connected and Clean Located in Shenzhen, Guangdong, China, Asia. Involved in the following industries: Electronics, Hardware. Funding amount (USD) so far is 25000.0.",SSOV
13786,17210,84,ABRAXAS Technology,"Our funding stage is Non-equity Assistance. Abraxas Technology provides analytics solutions for outdoor advertising. Located in Austin, Texas, United States, North America. Involved in the following industries: Advertising, Analytics. Funding amount (USD) so far is unknown.",MassChallenge
13889,17328,202,MDM Wound Ventures,"Our funding stage is Non-equity Assistance. MDM Wound Ventures manufactures products for wound care and surgical providers to improve patient outcomes and decrease costs. Located in Schertz, Texas, United States, North America. Involved in the following industries: Health Care, Health Diagnostics, Manufacturing, Medical Device. Funding amount (USD) so far is unknown.",MassChallenge
13915,17357,231,MakersValley,"Our funding stage is Non-equity Assistance. MakersValley is an online B2B service platform. Located in New York, New York, United States, North America. Involved in the following industries: B2B, E-Commerce, Fashion, Internet, Manufacturing. Funding amount (USD) so far is unknown.",MassChallenge
13924,17368,242,GyroGear,"Our funding stage is Non-equity Assistance. GyroGear is developing a wearable to help individuals with hand tremors. Located in London, England, United Kingdom, Europe. Involved in the following industries: Medical Device, Wearables. Funding amount (USD) so far is unknown.",MassChallenge
14057,17536,410,Dig,"Our funding stage is Non-equity Assistance. Dig - The Dog Person's Dating App is the best way for dog-lovers to find a compatible match and plan a dog-friendly date. Located in New Orleans, Louisiana, United States, North America. Involved in the following industries: Dating, Mobile, Mobile Apps, Pet. Funding amount (USD) so far is unknown.",MassChallenge
14178,17689,563,GOLGI TECHNOLOGY,"Our funding stage is Non-equity Assistance. Golgi Technology provides development and production of biodegradable plastics. Located in Puebla, Puebla, Mexico, North America. Involved in the following industries: unknown. Funding amount (USD) so far is unknown.",MassChallenge
14325,17884,758,Supportomate,"Our funding stage is Non-equity Assistance. Supportomate is developing an autonomous call-center representative to help insurance carriers reduce the cost of sales and customer service Located in Lansing, Michigan, United States, North America. Involved in the following industries: Artificial Intelligence, Big Data, Machine Learning. Funding amount (USD) so far is unknown.",MassChallenge
14333,17895,769,Dipsee,"Our funding stage is Non-equity Assistance. Dipsee tailors solutions for residential pools that it bases on research into the most common drowning scenarios. Located in Modi'in, HaMerkaz, Israel, Asia. Involved in the following industries: Computer Vision, Information Technology, Mobile Apps, Software. Funding amount (USD) so far is unknown.",MassChallenge
14425,18007,881,Nurture Pods,"Our funding stage is Non-equity Assistance. Nurture Pods is a e-learning platform provides classes in pods by making setting up teacher and student learning pods. Located in San Francisco, California, United States, North America. Involved in the following industries: E-Learning, EdTech, Education. Funding amount (USD) so far is unknown.",MassChallenge
14497,18092,966,Yana,"Our funding stage is Seed. Yana is a Spanish speaking app that accompanies people on the path to emotional well-being through strategies based on CBT. Located in Mexico City, Distrito Federal, Mexico, North America. Involved in the following industries: Health Care, Information Technology, Messaging, Wellness. Funding amount (USD) so far is unknown.",MassChallenge
15014,18720,594,SugarSync,"Our funding stage is Series B. SugarSync is a data sync, file sharing and online backup solution ideal for busy professionals and digitally-connected consumers. Located in San Mateo, California, United States, North America. Involved in the following industries: Digital Media, File Sharing, Mobile Devices, Software. Funding amount (USD) so far is 13500000.0.",Threshold
15033,18743,617,Konarka Technologies,"Our funding stage is Venture - Series Unknown. Konarka Technologies develops nano-enabled polymer photovoltaic materials for commercial, industrial and consumer applications. Located in Lowell, Massachusetts, United States, North America. Involved in the following industries: Industrial, Manufacturing, Solar. Funding amount (USD) so far is 23800000.0.",Threshold
15035,18746,620,Retailigence,"Our funding stage is Seed. Retailigence is an online-to-offline marketing platform for driving product sales in-store. Located in Redwood City, California, United States, North America. Involved in the following industries: Advertising, Developer APIs, Local, Search Engine. Funding amount (USD) so far is 1500000.0.",Threshold
15069,18785,659,Cognigine,"Our funding stage is Series B. Cognigine is a semiconductor company focused on communications processors for broadband and optical networking applications. Located in Fremont, California, United States, North America. Involved in the following industries: Electronics, Internet, Manufacturing, Network Security, Optical Communication, Semiconductor, Telecommunications. Funding amount (USD) so far is 8000000.0.",Threshold
15117,18852,726,Jaxtr,"Our funding stage is Seed. Jaxtr enables users to receive calls from their friends through a VOIP connection and keep their personal phone numbers private. Located in Menlo Park, California, United States, North America. Involved in the following industries: Mobile, VoIP, Wireless. Funding amount (USD) so far is 1500000.0.",Threshold
15278,19057,79,Hello Alfred,"Our funding stage is Series C. Hello Alfred provides resident‑first software and services to deliver in‑home support and local experiences. Located in New York, New York, United States, North America. Involved in the following industries: Home Services, Hospitality, Professional Services, Property Management, Real Estate. Funding amount (USD) so far is 42000000.0.",New Enterprise Associates
15367,19167,189,UNISOC 紫光展锐,"Our funding stage is Series C. UNISOC is a leading fabless semiconductor company committed to the independent R&D of core chipsets in mobile communications and IoT. Located in Shanghai, Shanghai, China, Asia. Involved in the following industries: Consumer Electronics, Electronics, Hardware, Manufacturing, Semiconductor, Technical Support, Telecommunications. Funding amount (USD) so far is 35200000.0.",New Enterprise Associates
15452,19269,291,Koudai,"Our funding stage is Venture - Series Unknown. Koudai Shopping is intelligent mobile shopping software which recommends targeted products according to user’s personal style. Located in Beijing, Beijing, China, Asia. Involved in the following industries: E-Commerce, Fashion, Mobile, Shopping. Funding amount (USD) so far is unknown.",New Enterprise Associates
15529,19368,390,Sonic Innovations,"Our funding stage is Venture - Series Unknown. Sonic manufacture quality hearing aids and are all about celebrating the sounds of everyday life like music, nature, and more. Located in Somerset, New Jersey, United States, North America. Involved in the following industries: Audio, Digital Media, Health Care, Media and Entertainment. Funding amount (USD) so far is unknown.",New Enterprise Associates
15547,19391,413,Fusion-io,"Our funding stage is Series A. Fusion-io offers a platform that accelerates databases, virtualization, cloud computing, big data and applications that drive the economy. Located in Salt Lake City, Utah, United States, North America. Involved in the following industries: Cloud Computing, Database, Enterprise Software, Flash Storage, Infrastructure, Software, Virtualization. Funding amount (USD) so far is 19000000.0.",New Enterprise Associates
15636,19502,524,SugarCRM,"Our funding stage is Series D. SugarCRM enables businesses to create extraordinary customer relationships with the most innovative CRM solution in the market. Located in Cupertino, California, United States, North America. Involved in the following industries: Cloud Computing, CRM, Enterprise Software, Lead Management, Software. Funding amount (USD) so far is 20000000.0.",New Enterprise Associates
15651,19523,545,Opendoor,"Our funding stage is Series E. Opendoor is an operator of an online real estate marketplace used to streamline the sales process of home buying and selling. Located in San Francisco, California, United States, North America. Involved in the following industries: Marketplace, Property Development, Property Management, Real Estate. Funding amount (USD) so far is 300000000.0.",New Enterprise Associates
15732,19622,644,Zoomdata,"Our funding stage is Series A. Zoomdata is a developer of a visual analytics platform used to allow users to discover new opportunities and solve problems. Located in Reston, Virginia, United States, North America. Involved in the following industries: Analytics, Big Data, Collaboration, Data Visualization, Enterprise Software, Software. Funding amount (USD) so far is 4099999.0.",New Enterprise Associates
15778,19677,699,Intarcia Therapeutics,"Our funding stage is Series D. Intarcia Therapeutics develops therapies for diseases that require long-term chronic treatment. Located in Hayward, California, United States, North America. Involved in the following industries: Biotechnology, Health Care, Health Diagnostics, Medical Device, Personal Health. Funding amount (USD) so far is 43000000.0.",New Enterprise Associates
15870,19786,808,Raise,"Our funding stage is Series C. Raise is a marketplace (exchange) for gift cards that is the largest direct-to-consumer seller of digital gift cards in the world. Located in Chicago, Illinois, United States, North America. Involved in the following industries: E-Commerce, Gift Card. Funding amount (USD) so far is 60000000.0.",New Enterprise Associates
15889,19808,830,Pilot AI,"Our funding stage is Series A. Software-based deep learning computer vision on commodity embedded platforms Located in Palo Alto, California, United States, North America. Involved in the following industries: Artificial Intelligence, Computer Vision, Internet of Things, Machine Learning, Software. Funding amount (USD) so far is unknown.",New Enterprise Associates
16229,20234,256,Snaptalent,"Our funding stage is Seed. Snaptalent is a distributed job advertisement network for developer listings. Located in San Francisco, California, United States, North America. Involved in the following industries: Advertising, Employment. Funding amount (USD) so far is unknown.",Index Ventures
16255,20267,289,Prodigy Finance,"Our funding stage is Series C. Prodigy Finance provides postgraduate student loans to international students to attend a top school. Located in London, England, United Kingdom, Europe. Involved in the following industries: Crowdfunding, Education, Finance, Financial Services, FinTech. Funding amount (USD) so far is 40000000.0.",Index Ventures
16281,20294,316,CoverWallet,"Our funding stage is Series B. CoverWallet is an online platform that offers insurance management services to its clients. Located in New York, New York, United States, North America. Involved in the following industries: Insurance. Funding amount (USD) so far is 18500000.0.",Index Ventures
16363,20403,425,TrialPay,"Our funding stage is Series B. TrialPay is an offer-based payments platform enabling customers to pay for one item by trying or buying something else. Located in Mountain View, California, United States, North America. Involved in the following industries: Advertising, E-Commerce, Internet, Payments. Funding amount (USD) so far is 12700000.0.",Index Ventures
16377,20421,443,CipherCloud,"Our funding stage is Seed. CipherCloud is a cloud security company that provides a platform that delivers data protection, compliance, and control. Located in San Jose, California, United States, North America. Involved in the following industries: Cloud Security, Cyber Security, Network Security, Privacy, Software. Funding amount (USD) so far is unknown.",Index Ventures
16391,20438,460,Snapguide,"Our funding stage is Series A. Snapguide is a free iOS app and web service that enable users to create and share step-by-step how-to guides. Located in San Francisco, California, United States, North America. Involved in the following industries: Android, DIY, iOS, Mobile Apps. Funding amount (USD) so far is 3000000.0.",Index Ventures
16515,20596,618,Fleetsmith,"Our funding stage is Series A. Fleetsmith puts Apple device management and security on auto-pilot. Located in San Francisco, California, United States, North America. Involved in the following industries: Enterprise Software, IT Management, Security, Small and Medium Businesses. Funding amount (USD) so far is 7700000.0.",Index Ventures
16647,20764,786,MySQL,"Our funding stage is Series B. MySQL is an open-source database that supports scalable web-based and embedded database applications. Located in Cupertino, California, United States, North America. Involved in the following industries: Enterprise Software, Lighting, Open Source, Software. Funding amount (USD) so far is 19500000.0.",Index Ventures
16836,20992,114,Relayr,"Our funding stage is Series C. Relayr enables device manufacturers, app developers, and software companies to leverage the power of the internet of things. Located in Boston, Massachusetts, United States, North America. Involved in the following industries: Industrial Manufacturing, Internet of Things, Smart Building, Software. Funding amount (USD) so far is 30000000.0.",Kleiner Perkins
16846,21002,124,Compaq,"Our funding stage is Seed. Compaq develops and sells computers and related products and services. Located in Palo Alto, California, United States, North America. Involved in the following industries: Hardware, Information Technology, Software. Funding amount (USD) so far is 1500000.0.",Kleiner Perkins
16892,21056,178,Shyp,"Our funding stage is Series B. Shyp provides shipping services that ranges from picking-up the package to delivering it to the destination. Located in San Francisco, California, United States, North America. Involved in the following industries: Delivery, Logistics, Shipping. Funding amount (USD) so far is 50000000.0.",Kleiner Perkins
16917,21084,206,Bloom Energy,"Our funding stage is Series D. Bloom Energy offers on-site power generation systems that can use a wide variety of inputs to generate electricity. Located in Sunnyvale, California, United States, North America. Involved in the following industries: CleanTech, Energy, Fuel Cell, Oil and Gas, Wind Energy. Funding amount (USD) so far is 104000000.0.",Kleiner Perkins
17082,21282,404,Fisker Automotive,"Our funding stage is Series D. Fisker Automotive specializes in the production of luxury plug-in hybrid electric vehicles. Located in Torrance, California, United States, North America. Involved in the following industries: Automotive, Autonomous Vehicles, Electric Vehicle, Manufacturing, Mobile, Transportation. Funding amount (USD) so far is 86000000.0.",Kleiner Perkins
17365,21644,766,CardioDx,"Our funding stage is Private Equity. CardioDx is a cardiovascular genomic diagnostics company providing clinicians with information to enhance patient care. Located in Redwood City, California, United States, North America. Involved in the following industries: Biotechnology, Genetics, Health Care, Health Diagnostics, Pharmaceutical. Funding amount (USD) so far is 58000000.0.",Kleiner Perkins
17387,21672,794,QuantumScape,"Our funding stage is Venture - Series Unknown. QuantumScape is a renewable energy company that develops solid-state battery technology to increase the range of electric cars. Located in San Jose, California, United States, North America. Involved in the following industries: Battery, Energy, Energy Storage, Renewable Energy. Funding amount (USD) so far is unknown.",Kleiner Perkins
17438,21730,852,Endgame,"Our funding stage is Series A. Endgame's endpoint protection platform protects the world’s data from advanced attacks. Located in Arlington, Virginia, United States, North America. Involved in the following industries: Analytics, Computer, Enterprise Software, Network Security, Security. Funding amount (USD) so far is 29000000.0.",Kleiner Perkins
17630,21971,93,DataRobot,"Our funding stage is Series B. DataRobot brings AI technology and ROI enablement services to global enterprises. Located in Boston, Massachusetts, United States, North America. Involved in the following industries: Artificial Intelligence, Enterprise Software, Machine Learning, SaaS. Funding amount (USD) so far is 33000000.0.",Intel Capital
17727,22093,215,Gloat.com,"Our funding stage is Series B. Gloat is the first-ever Internal Talent Marketplace, used by the world’s leading enterprises and brands. Located in New York, New York, United States, North America. Involved in the following industries: Artificial Intelligence, Career Planning, Human Resources, Information Services, Social Media. Funding amount (USD) so far is 25000000.0.",Intel Capital
17741,22109,231,picoChip,"Our funding stage is Venture - Series Unknown. picoChip offers signal processing products for wireless telecommunications systems. Located in Bath, Bath and North East Somerset, United Kingdom, Europe. Involved in the following industries: Enterprise Software, Telecommunications, Wireless. Funding amount (USD) so far is 20000000.0.",Intel Capital
17790,22166,288,Lilliputian Systems,"Our funding stage is Venture - Series Unknown. Nectar is a portable charger that powers and charges a variety of consumer electronics. Located in Wilmington, Massachusetts, United States, North America. Involved in the following industries: Consumer Electronics, Hardware, Mobile. Funding amount (USD) so far is 3250000.0.",Intel Capital
17850,22238,360,MariaDB,"Our funding stage is Series B. MariaDB frees companies from the costs, constraints, and complexity of proprietary databases. Located in Espoo, Southern Finland, Finland, Europe. Involved in the following industries: Database, Enterprise Software, Software, Technical Support. Funding amount (USD) so far is 9000000.0.",Intel Capital
18108,22572,694,Joyent,"Our funding stage is Series A. Joyent is a cloud infrastructure service provider that enables its customers to operate modern cloud native applications. Located in San Francisco, California, United States, North America. Involved in the following industries: Apps, Automotive, Cloud Computing, Enterprise Software, Infrastructure, Open Source, Private Cloud, Software, Web Hosting. Funding amount (USD) so far is unknown.",Intel Capital
18290,22807,929,KMLabs,"Our funding stage is Series A. KMLab makes custom laser systems for research applications Located in Boulder, Colorado, United States, North America. Involved in the following industries: Commercial, Delivery, Manufacturing. Funding amount (USD) so far is 6700000.0.",Intel Capital
18414,22965,87,Rupa Health,"Our funding stage is Seed. Rupa Health is a telehealth solution that makes it easier to practice root cause medicine. Located in San Francisco, California, United States, North America. Involved in the following industries: Fitness, Health Care, Medical. Funding amount (USD) so far is 4125003.0.",First Round Capital
18481,23045,167,Pine Park Health,"Our funding stage is Seed. Pine Park Health works with medicare advantage plans, senior living communities, and providers to improve health outcomes for seniors. Located in Oakland, California, United States, North America. Involved in the following industries: Computer, Health Care, Internet of Things, Medical. Funding amount (USD) so far is 4000000.0.",First Round Capital
18498,23065,187,XCLAIM,"Our funding stage is Seed. XCLAIM is digitizing the financial market for selling bad debt receivables to eliminate risk, generate liquidity and increase transparency. Located in Los Angeles, California, United States, North America. Involved in the following industries: B2B, Financial Exchanges, Financial Services, FinTech, Legal Tech. Funding amount (USD) so far is 4000000.0.",First Round Capital
18642,23243,365,Vital,"Our funding stage is Seed. Modern cloud-based Emergency Department SaaS Located in Auckland, Auckland, New Zealand, Oceania. Involved in the following industries: Artificial Intelligence, Health Care, SaaS, Software. Funding amount (USD) so far is 5200000.0.",First Round Capital
18771,23412,534,ModCloth,"Our funding stage is Seed. ModCloth is an online clothing, accessories, and decor retailer that aims to provide an engaging shopping atmosphere for the user. Located in San Francisco, California, United States, North America. Involved in the following industries: Crowdsourcing, E-Commerce, Fashion, Retail. Funding amount (USD) so far is 1055000.0.",First Round Capital
18857,23520,642,ScanScout,"Our funding stage is Series A. ScanScout is a technology-driven video advertising network connecting brands and consumers through internet-connected digital devices. Located in Boston, Massachusetts, United States, North America. Involved in the following industries: Ad Network, Advertising, Video. Funding amount (USD) so far is 7000000.0.",First Round Capital
18934,23618,740,ScanScout,"Our funding stage is Series A. ScanScout is a technology-driven video advertising network connecting brands and consumers through internet-connected digital devices. Located in Boston, Massachusetts, United States, North America. Involved in the following industries: Ad Network, Advertising, Video. Funding amount (USD) so far is 1300000.0.",First Round Capital
19068,23780,121,Oyster,"Our funding stage is Seed. Oyster is an ebook subscription service and ebook retailer. Located in New York, New York, United States, North America. Involved in the following industries: E-Commerce, E-Learning, EBooks, Education, Internet, Reading Apps. Funding amount (USD) so far is 3000000.0.",Founders Fund
19128,23854,195,Zenreach,"Our funding stage is Series B. Zenreach connects your online marketing with in-store results for digital marketing that performs 4x better. Located in San Francisco, California, United States, North America. Involved in the following industries: CRM, Email Marketing, Marketing Automation, Software. Funding amount (USD) so far is 30000000.0.",Founders Fund
19156,23889,230,Density,"Our funding stage is Series B. Density builds the technical infrastructure for cities, buildings, and spaces to measure how they're used. Located in San Francisco, California, United States, North America. Involved in the following industries: Analytics, Electronics, Sensor, Test and Measurement. Funding amount (USD) so far is 12000000.0.",Founders Fund
19174,23914,255,Jusbrasil,"Our funding stage is Series A. Jusbrasil connects consumers and attorneys through legal information. Located in Salvador, Sao Paulo, Brazil, South America. Involved in the following industries: Big Data, Internet, Legal. Funding amount (USD) so far is 1842221.0.",Founders Fund
19299,24072,413,SmithRx,"Our funding stage is Series A. SmithRx is your next generation pharmacy benefit partner built on a modern technology platform. We are the new path forward. Located in San Francisco, California, United States, North America. Involved in the following industries: Health Care, Information Technology. Funding amount (USD) so far is 9000000.0.",Founders Fund
19648,24507,215,InsightsOne,"Our funding stage is Series A. InsightsOne provides cloud-based predictive analytics solutions on big data. Located in Santa Clara, California, United States, North America. Involved in the following industries: Analytics, Big Data, Cloud Data Services, Machine Learning, SaaS. Funding amount (USD) so far is 4300000.0.",Norwest Venture Partners
19670,24532,240,CognitiveScale,"Our funding stage is Series B. CognitiveScale provides industry-specific enterprise cognitive cloud software. Located in Austin, Texas, United States, North America. Involved in the following industries: Artificial Intelligence, Big Data, Information Services, Information Technology, Machine Learning, SaaS, Software. Funding amount (USD) so far is unknown.",Norwest Venture Partners
19744,24624,332,Peopleclick Authoria,"Our funding stage is Series B. Peopleclick Authoria offers talent, performance, recruiting and compensation management software for companies. Located in Waltham, Massachusetts, United States, North America. Involved in the following industries: Enterprise Software, Recruiting, Social Recruiting, Software. Funding amount (USD) so far is 10000000.0.",Norwest Venture Partners
19768,24653,361,"CareCloud, Health","Our funding stage is Series B. CareCloud Health, a division of CareCloud, Inc., provides cloud-based health information technology software and services. Located in Miami, Florida, United States, North America. Involved in the following industries: Cloud Computing, Electronic Health Record (EHR), Health Care, Information Services, Information Technology, SaaS, Software. Funding amount (USD) so far is 20000000.0.",Norwest Venture Partners
19987,24926,634,AltoWeb,"Our funding stage is Series B. AltoWeb solution is a software -like intranet developed by Vincent Graux the leadership of national and international audits (DVNI) Located in Palo Alto, California, United States, North America. Involved in the following industries: Software. Funding amount (USD) so far is unknown.",Norwest Venture Partners
20056,25004,712,Turn,"Our funding stage is Venture - Series Unknown. Turn offers data and media management platform technologies and a data management platform to centralize offline and online marketing data. Located in Redwood City, California, United States, North America. Involved in the following industries: Advertising, Enterprise Software, Marketing. Funding amount (USD) so far is 18000000.0.",Norwest Venture Partners
20230,25228,208,Trifacta,"Our funding stage is Series E. Trifacta offers a data wrangling platform which provides a modern self-service approach to cleaning and preparing data. Located in San Francisco, California, United States, North America. Involved in the following industries: Analytics, Big Data, Information Technology, Machine Learning, Software. Funding amount (USD) so far is 100000000.0.",Accel
20389,25423,403,ReadMe,"Our funding stage is Series A. ReadMe provides every company the ability to quickly create beautiful documentation, and build loyal, productive developer communities. Located in San Francisco, California, United States, North America. Involved in the following industries: Communities, Developer APIs, Document Management, Software. Funding amount (USD) so far is 9000000.0.",Accel
20450,25493,473,Lango,"Our funding stage is Series A. Lango, an Israel-based developer of an icon-based language for Web and mobile messaging. Located in Ramat Hasharon, Tel Aviv, Israel, Asia. Involved in the following industries: Messaging, Mobile, Software. Funding amount (USD) so far is 12000000.0.",Accel
20634,25726,706,Power2SME,"Our funding stage is Series D. Power2SME is a group buying site that provides inks, steel, polymers, paints and chemicals for small and medium enterprises in India. Located in Mumbai, Maharashtra, India, Asia. Involved in the following industries: B2B, Enterprise Software, Small and Medium Businesses. Funding amount (USD) so far is 20000000.0.",Accel
20650,25746,726,Mubble,"Our funding stage is Series A. Mubble automatically creates a bill for your prepaid account by tracking your balances, deductions and data usage Located in Bangalore, Karnataka, India, Asia. Involved in the following industries: Apps, Mobile Apps, Public Relations. Funding amount (USD) so far is unknown.",Accel
